Nome,Data,Latitude,Longitude,Stato,Categoria,Link_thumbnail,id,Thumbnail,,
agape_degli_artisti,2023:08:22,45.45646597,9.185323,non attivo,Sala da concerto,https://github.com/martinnicastro/topografia_musicale/blob/main/images/thumbnails_today/1.jpg,1,"<img src =""https://github.com/martinnicastro/topografia_musicale/blob/main/images/thumbnails_today/1.jpg?raw=true"">",,
al_pozzo_club,2023:08:23,45.472709,9.206702972,non attivo,Whisky a go-go,https://github.com/martinnicastro/topografia_musicale/blob/main/images/thumbnails_today/2.jpg,2,"<img src =""https://github.com/martinnicastro/topografia_musicale/blob/main/images/thumbnails_today/2.jpg?raw=true"">",,
angelicum,2023:08:22,45.475346,9.191757,non attivo,Teatro/Sala da concerto,https://github.com/martinnicastro/topografia_musicale/blob/main/images/thumbnails_today/3.jpg,3,"<img src =""https://github.com/martinnicastro/topografia_musicale/blob/main/images/thumbnails_today/3.jpg?raw=true"">",,
arenella,2023:08:22,45.453761,9.178172972,non attivo,Dancing,https://github.com/martinnicastro/topografia_musicale/blob/main/images/thumbnails_today/4.jpg,4,"<img src =""https://github.com/martinnicastro/topografia_musicale/blob/main/images/thumbnails_today/4.jpg?raw=true"">",,
astoria,2023:08:23,45.46304897,9.186495972,non attivo,Night club,https://github.com/martinnicastro/topografia_musicale/blob/main/images/thumbnails_today/5.jpg,5,"<img src =""https://github.com/martinnicastro/topografia_musicale/blob/main/images/thumbnails_today/5.jpg?raw=true"">",,
auditorium_pirelli,2023:08:22,45.48474697,9.202104972,attivo,Sala da concerto,https://github.com/martinnicastro/topografia_musicale/blob/main/images/thumbnails_today/6.jpg,6,"<img src =""https://github.com/martinnicastro/topografia_musicale/blob/main/images/thumbnails_today/6.jpg?raw=true"">",,
auditorium_tesio,2023:08:19,45.48407397,9.141068,non attivo,Teatro,https://github.com/martinnicastro/topografia_musicale/blob/main/images/thumbnails_today/7.jpg,7,"<img src =""https://github.com/martinnicastro/topografia_musicale/blob/main/images/thumbnails_today/7.jpg?raw=true"">",,
bar_missori,2023:08:23,45.460805,9.188534,non attivo,Altro,https://github.com/martinnicastro/topografia_musicale/blob/main/images/thumbnails_today/8.jpg,8,"<img src =""https://github.com/martinnicastro/topografia_musicale/blob/main/images/thumbnails_today/8.jpg?raw=true"">",,
basilica_sant_ambrogio,2023:08:22,45.46224097,9.174462972,attivo,Teatro/Sala da concerto,https://github.com/martinnicastro/topografia_musicale/blob/main/images/thumbnails_today/9.jpg,9,"<img src =""https://github.com/martinnicastro/topografia_musicale/blob/main/images/thumbnails_today/9.jpg?raw=true"">",,
biblioteca_germanica,2023:08:22,45.475714,9.181622,non attivo,Sala da concerto,https://github.com/martinnicastro/topografia_musicale/blob/main/images/thumbnails_today/10.jpg,10,"<img src =""https://github.com/martinnicastro/topografia_musicale/blob/main/images/thumbnails_today/10.jpg?raw=true"">",,
birra_italia,2023:08:19,45.485078,9.159698,non attivo,Night club,https://github.com/martinnicastro/topografia_musicale/blob/main/images/thumbnails_today/11.jpg,11,"<img src =""https://github.com/martinnicastro/topografia_musicale/blob/main/images/thumbnails_today/11.jpg?raw=true"">",,
caprice,2023:08:22,45.46578697,9.198582972,non attivo,Night club,https://github.com/martinnicastro/topografia_musicale/blob/main/images/thumbnails_today/12.jpg,12,"<img src =""https://github.com/martinnicastro/topografia_musicale/blob/main/images/thumbnails_today/12.jpg?raw=true"">",,
caravella,2021:08:10,45.4749433,9.205436714,non attivo,Night club,https://github.com/martinnicastro/topografia_musicale/blob/main/images/thumbnails_today/13.jpg,13,"<img src =""https://github.com/martinnicastro/topografia_musicale/blob/main/images/thumbnails_today/13.jpg?raw=true"">",,
castello_sforzesco,2023:08:22,45.46835597,9.181943972,attivo,Altro,https://github.com/martinnicastro/topografia_musicale/blob/main/images/thumbnails_today/14.jpg,14,"<img src =""https://github.com/martinnicastro/topografia_musicale/blob/main/images/thumbnails_today/14.jpg?raw=true"">",,
centro_francese,2023:08:22,45.468068,9.194293972,non attivo,Sala da concerto,https://github.com/martinnicastro/topografia_musicale/blob/main/images/thumbnails_today/15.jpg,15,"<img src =""https://github.com/martinnicastro/topografia_musicale/blob/main/images/thumbnails_today/15.jpg?raw=true"">",,
chet_baker_club,2023:08:22,45.4686,9.182543,non attivo,Night club,https://github.com/martinnicastro/topografia_musicale/blob/main/images/thumbnails_today/16.jpg,16,"<img src =""https://github.com/martinnicastro/topografia_musicale/blob/main/images/thumbnails_today/16.jpg?raw=true"">",,
cinema_gloria,2023:08:22,45.46630858,9.161917355,non attivo,Cinema Teatro,https://github.com/martinnicastro/topografia_musicale/blob/main/images/thumbnails_today/17.jpg,17,"<img src =""https://github.com/martinnicastro/topografia_musicale/blob/main/images/thumbnails_today/17.jpg?raw=true"">",,
cinema_orfeo,2023:08:22,45.45687006,9.169884979,non attivo,Cinema Teatro,https://github.com/martinnicastro/topografia_musicale/blob/main/images/thumbnails_today/18.jpg,18,"<img src =""https://github.com/martinnicastro/topografia_musicale/blob/main/images/thumbnails_today/18.jpg?raw=true"">",,
circolo_del_castello,2023:08:22,45.47008397,9.182729,non attivo,Sala da concerto,https://github.com/martinnicastro/topografia_musicale/blob/main/images/thumbnails_today/19.jpg,19,,,"<img src =""https://github.com/martinnicastro/topografia_musicale/blob/main/images/thumbnails_today/21.jpg?raw=true"">"
circolo_della_rinascente,2023:08:22,45.465386,9.198218,non attivo,Sala da concerto,https://github.com/martinnicastro/topografia_musicale/blob/main/images/thumbnails_today/20.jpg,20,"<img src =""https://github.com/martinnicastro/topografia_musicale/blob/main/images/thumbnails_today/20.jpg?raw=true"">",,
circolo_della_stampa,2023:08:22,45.469507,9.200051,non attivo,Sala da concerto,https://github.com/martinnicastro/topografia_musicale/blob/main/images/thumbnails_today/21.jpg,21,"<img src =""https://github.com/martinnicastro/topografia_musicale/blob/main/images/thumbnails_today/19.jpg?raw=true"">",,
circolo_filologico,2023:08:22,45.46731797,9.187011,attivo,Sala da concerto,https://github.com/martinnicastro/topografia_musicale/blob/main/images/thumbnails_today/22.jpg,22,"<img src =""https://github.com/martinnicastro/topografia_musicale/blob/main/images/thumbnails_today/22.jpg?raw=true"">",,
circolo_marsala,2023:08:22,45.47845197,9.187630972,non attivo,Sala da concerto,https://github.com/martinnicastro/topografia_musicale/blob/main/images/thumbnails_today/23.jpg,23,"<img src =""https://github.com/martinnicastro/topografia_musicale/blob/main/images/thumbnails_today/23.jpg?raw=true"">",,
coccodrillo,2021:08:10,45.48042669,9.213548047,non attivo,Night club,https://github.com/martinnicastro/topografia_musicale/blob/main/images/thumbnails_today/24.jpg,24,"<img src =""https://github.com/martinnicastro/topografia_musicale/blob/main/images/thumbnails_today/24.jpg?raw=true"">",,
conty_grill,2023:08:22,45.46831097,9.190803972,non attivo,Night club,https://github.com/martinnicastro/topografia_musicale/blob/main/images/thumbnails_today/25.jpg,25,"<img src =""https://github.com/martinnicastro/topografia_musicale/blob/main/images/thumbnails_today/25.jpg?raw=true"">",,
derby,2023:08:19,45.47826897,9.145141972,non attivo,Night club,https://github.com/martinnicastro/topografia_musicale/blob/main/images/thumbnails_today/26.jpg,26,"<img src =""https://github.com/martinnicastro/topografia_musicale/blob/main/images/thumbnails_today/26.jpg?raw=true"">",,
el_maroco,2023:08:23,45.461955,9.190832972,non attivo,Night club,https://github.com/martinnicastro/topografia_musicale/blob/main/images/thumbnails_today/27.jpg,27,"<img src =""https://github.com/martinnicastro/topografia_musicale/blob/main/images/thumbnails_today/27.jpg?raw=true"">",,
embassy_club,2021:08:10,45.4674224,9.2001659,non attivo,Night club,https://github.com/martinnicastro/topografia_musicale/blob/main/images/thumbnails_today/28.jpg,28,"<img src =""https://github.com/martinnicastro/topografia_musicale/blob/main/images/thumbnails_today/28.jpg?raw=true"">",,
europa_club,2023:08:22,45.465516,9.197547,non attivo,Night club,https://github.com/martinnicastro/topografia_musicale/blob/main/images/thumbnails_today/29.jpg,29,"<img src =""https://github.com/martinnicastro/topografia_musicale/blob/main/images/thumbnails_today/29.jpg?raw=true"">",,
famiglia_siciliana,2023:08:23,45.463303,9.189408972,non attivo,Sala da concerto,https://github.com/martinnicastro/topografia_musicale/blob/main/images/thumbnails_today/30.jpg,30,"<img src =""https://github.com/martinnicastro/topografia_musicale/blob/main/images/thumbnails_today/30.jpg?raw=true"">",,
florida,2023:08:22,45.461927,9.204141972,non attivo,Night club,https://github.com/martinnicastro/topografia_musicale/blob/main/images/thumbnails_today/31.jpg,31,"<img src =""https://github.com/martinnicastro/topografia_musicale/blob/main/images/thumbnails_today/31.jpg?raw=true"">",,
galleria_blu,2023:08:22,45.469067,9.190737,non attivo,Sala da concerto,https://github.com/martinnicastro/topografia_musicale/blob/main/images/thumbnails_today/32.jpg,32,"<img src =""https://github.com/martinnicastro/topografia_musicale/blob/main/images/thumbnails_today/32.jpg?raw=true"">",,
gatto_verde,2023:08:22,45.48487097,9.206495972,non attivo,Night club,https://github.com/martinnicastro/topografia_musicale/blob/main/images/thumbnails_today/33.jpg,33,"<img src =""https://github.com/martinnicastro/topografia_musicale/blob/main/images/thumbnails_today/33.jpg?raw=true"">",,
hifi_club,2023:08:23,45.463729,9.189387972,non attivo,Whisky a go-go,https://github.com/martinnicastro/topografia_musicale/blob/main/images/thumbnails_today/34.jpg,34,"<img src =""https://github.com/martinnicastro/topografia_musicale/blob/main/images/thumbnails_today/34.jpg?raw=true"">",,
hotel_cavalieri,2023:08:23,45.461393,9.188366,non attivo,Night club,https://github.com/martinnicastro/topografia_musicale/blob/main/images/thumbnails_today/35.jpg,35,"<img src =""https://github.com/martinnicastro/topografia_musicale/blob/main/images/thumbnails_today/35.jpg?raw=true"">",,
hotel_principe_savoia,2023:08:22,45.47982197,9.197739,attivo,Night club,https://github.com/martinnicastro/topografia_musicale/blob/main/images/thumbnails_today/36.jpg,36,"<img src =""https://github.com/martinnicastro/topografia_musicale/blob/main/images/thumbnails_today/36.jpg?raw=true"">",,
il_globo_restelli,2023:08:22,45.48858297,9.196246972,non attivo,Teatro,https://github.com/martinnicastro/topografia_musicale/blob/main/images/thumbnails_today/37.jpg,37,"<img src =""https://github.com/martinnicastro/topografia_musicale/blob/main/images/thumbnails_today/37.jpg?raw=true"">",,
istituto_dei_ciechi,2023:08:22,45.469037,9.204043,attivo,Sala da concerto,https://github.com/martinnicastro/topografia_musicale/blob/main/images/thumbnails_today/38.jpg,38,"<img src =""https://github.com/martinnicastro/topografia_musicale/blob/main/images/thumbnails_today/38.jpg?raw=true"">",,
la_bagatelle,2023:08:22,45.46600897,9.197020972,non attivo,Night club,https://github.com/martinnicastro/topografia_musicale/blob/main/images/thumbnails_today/39.jpg,39,"<img src =""https://github.com/martinnicastro/topografia_musicale/blob/main/images/thumbnails_today/39.jpg?raw=true"">",,
la_barca_d'oro,2023:08:22,45.47037797,9.194580972,non attivo,Night club,https://github.com/martinnicastro/topografia_musicale/blob/main/images/thumbnails_today/40.jpg,40,"<img src =""https://github.com/martinnicastro/topografia_musicale/blob/main/images/thumbnails_today/40.jpg?raw=true"">",,
la_lucciola,2023:08:23,45.487068,9.223534,non attivo,Night club,https://github.com/martinnicastro/topografia_musicale/blob/main/images/thumbnails_today/41.jpg,41,"<img src =""https://github.com/martinnicastro/topografia_musicale/blob/main/images/thumbnails_today/41.jpg?raw=true"">",,
la_maggiolina,2023:08:22,45.50028497,9.201646972,non attivo,Dancing,https://github.com/martinnicastro/topografia_musicale/blob/main/images/thumbnails_today/42.jpg,42,"<img src =""https://github.com/martinnicastro/topografia_musicale/blob/main/images/thumbnails_today/42.jpg?raw=true"">",,
le_roi,2023:08:22,45.468141,9.181914,non attivo,Night club,https://github.com/martinnicastro/topografia_musicale/blob/main/images/thumbnails_today/43.jpg,43,"<img src =""https://github.com/martinnicastro/topografia_musicale/blob/main/images/thumbnails_today/43.jpg?raw=true"">",,
lido,2023:08:19,45.480414,9.142243972,attivo,Night club,https://github.com/martinnicastro/topografia_musicale/blob/main/images/thumbnails_today/44.jpg,44,"<img src =""https://github.com/martinnicastro/topografia_musicale/blob/main/images/thumbnails_today/44.jpg?raw=true"">",,
lido_trianon,2023:08:22,45.46562492,9.194901823,non attivo,Night club,https://github.com/martinnicastro/topografia_musicale/blob/main/images/thumbnails_today/45.jpg,45,"<img src =""https://github.com/martinnicastro/topografia_musicale/blob/main/images/thumbnails_today/45.jpg?raw=true"">",,
maxim,2023:08:22,45.47127959,9.19393075,non attivo,Dancing,https://github.com/martinnicastro/topografia_musicale/blob/main/images/thumbnails_today/46.jpg,46,"<img src =""https://github.com/martinnicastro/topografia_musicale/blob/main/images/thumbnails_today/46.jpg?raw=true"">",,
montemerlo,2023:08:22,45.475943,9.200466972,non attivo,Night club,https://github.com/martinnicastro/topografia_musicale/blob/main/images/thumbnails_today/47.jpg,47,"<img src =""https://github.com/martinnicastro/topografia_musicale/blob/main/images/thumbnails_today/47.jpg?raw=true"">",,
monterosa,2023:08:19,45.480384,9.143988972,non attivo,Dancing,https://github.com/martinnicastro/topografia_musicale/blob/main/images/thumbnails_today/48.jpg,48,"<img src =""https://github.com/martinnicastro/topografia_musicale/blob/main/images/thumbnails_today/48.jpg?raw=true"">",,
moulin_rouge,2023:08:22,45.465158,9.198245972,non attivo,Night club,https://github.com/martinnicastro/topografia_musicale/blob/main/images/thumbnails_today/49.jpg,49,"<img src =""https://github.com/martinnicastro/topografia_musicale/blob/main/images/thumbnails_today/49.jpg?raw=true"">",,
museo_della_scienza,2023:08:22,45.46319197,9.170676972,attivo,Sala da concerto,https://github.com/martinnicastro/topografia_musicale/blob/main/images/thumbnails_today/50.jpg,50,"<img src =""https://github.com/martinnicastro/topografia_musicale/blob/main/images/thumbnails_today/50.jpg?raw=true"">",,
nuovo_ritrovo,2023:08:22,45.47203997,9.202474972,non attivo,Sala da concerto,https://github.com/martinnicastro/topografia_musicale/blob/main/images/thumbnails_today/51.jpg,51,"<img src =""https://github.com/martinnicastro/topografia_musicale/blob/main/images/thumbnails_today/51.jpg?raw=true"">",,
odeon_giardino,2023:08:22,45.464649,9.192126,non attivo,Night club,https://github.com/martinnicastro/topografia_musicale/blob/main/images/thumbnails_today/52.jpg,52,"<img src =""https://github.com/martinnicastro/topografia_musicale/blob/main/images/thumbnails_today/52.jpg?raw=true"">",,
palazzo_belgioioso,2023:08:23,45.46318997,9.180979972,non attivo,Sala da concerto,https://github.com/martinnicastro/topografia_musicale/blob/main/images/thumbnails_today/53.jpg,53,"<img src =""https://github.com/martinnicastro/topografia_musicale/blob/main/images/thumbnails_today/53.jpg?raw=true"">",,
palazzo_bigli,2023:08:22,45.46857897,9.193650972,non attivo,Sala da concerto,https://github.com/martinnicastro/topografia_musicale/blob/main/images/thumbnails_today/54.jpg,54,"<img src =""https://github.com/martinnicastro/topografia_musicale/blob/main/images/thumbnails_today/54.jpg?raw=true"">",,
palazzo_borromeo,2023:08:22,45.471136,9.193799972,non attivo,Sala da concerto,https://github.com/martinnicastro/topografia_musicale/blob/main/images/thumbnails_today/55.jpg,55,"<img src =""https://github.com/martinnicastro/topografia_musicale/blob/main/images/thumbnails_today/55.jpg?raw=true"">",,
palazzo_del_ghiaccio,2023:08:23,45.46072697,9.227259972,non attivo,Palazzetto,https://github.com/martinnicastro/topografia_musicale/blob/main/images/thumbnails_today/56.jpg,56,"<img src =""https://github.com/martinnicastro/topografia_musicale/blob/main/images/thumbnails_today/57.jpg?raw=true"">",,
palazzo_dell_informazione,2023:08:22,45.472343,9.194874972,non attivo,Sala da concerto,https://github.com/martinnicastro/topografia_musicale/blob/main/images/thumbnails_today/57.jpg,57,"<img src =""https://github.com/martinnicastro/topografia_musicale/blob/main/images/thumbnails_today/56.jpg?raw=true"">",,
palazzo_durini,2023:08:23,45.46002097,9.184188972,non attivo,Sala da concerto,https://github.com/martinnicastro/topografia_musicale/blob/main/images/thumbnails_today/58.jpg,58,"<img src =""https://github.com/martinnicastro/topografia_musicale/blob/main/images/thumbnails_today/58.jpg?raw=true"">",,
palazzo_sormani,2023:08:22,45.462507,9.198202972,attivo,Sala da concerto,https://github.com/martinnicastro/topografia_musicale/blob/main/images/thumbnails_today/59.jpg,59,"<img src =""https://github.com/martinnicastro/topografia_musicale/blob/main/images/thumbnails_today/59.jpg?raw=true"">",,
piccola_scala,2023:08:22,45.466931,9.188734972,non attivo,Teatro/Sala da concerto,https://github.com/martinnicastro/topografia_musicale/blob/main/images/thumbnails_today/60.jpg,60,"<img src =""https://github.com/martinnicastro/topografia_musicale/blob/main/images/thumbnails_today/60.jpg?raw=true"">",,
piccolo_bar,2023:08:22,45.468335,9.190846,non attivo,Night club,https://github.com/martinnicastro/topografia_musicale/blob/main/images/thumbnails_today/61.jpg,61,"<img src =""https://github.com/martinnicastro/topografia_musicale/blob/main/images/thumbnails_today/61.jpg?raw=true"">",,
piccolo_teatro,2021:08:10,45.4664884,9.1850978,attivo,Teatro/Sala da concerto,https://github.com/martinnicastro/topografia_musicale/blob/main/images/thumbnails_today/62.jpg,62,"<img src =""https://github.com/martinnicastro/topografia_musicale/blob/main/images/thumbnails_today/62.jpg?raw=true"">",,
pick_up_club,2023:08:23,45.480451,9.224403,non attivo,Whisky a go-go,https://github.com/martinnicastro/topografia_musicale/blob/main/images/thumbnails_today/63.jpg,63,"<img src =""https://github.com/martinnicastro/topografia_musicale/blob/main/images/thumbnails_today/63.jpg?raw=true"">",,
pigalle,2023:08:23,45.479308,9.210169,non attivo,Dancing,https://github.com/martinnicastro/topografia_musicale/blob/main/images/thumbnails_today/64.jpg,64,"<img src =""https://github.com/martinnicastro/topografia_musicale/blob/main/images/thumbnails_today/64.jpg?raw=true"">",,
pinacoteca_di_brera,2023:08:22,45.47138,9.187794,attivo,Sala da concerto,https://github.com/martinnicastro/topografia_musicale/blob/main/images/thumbnails_today/65.jpg,65,"<img src =""https://github.com/martinnicastro/topografia_musicale/blob/main/images/thumbnails_today/65.jpg?raw=true"">",,
politecnico,2023:08:23,45.47756797,9.226616972,attivo,Sala da concerto,https://github.com/martinnicastro/topografia_musicale/blob/main/images/thumbnails_today/66.jpg,66,"<img src =""https://github.com/martinnicastro/topografia_musicale/blob/main/images/thumbnails_today/66.jpg?raw=true"">",,
porta_d'oro,2023:08:23,45.46238197,9.190196,non attivo,Night club,https://github.com/martinnicastro/topografia_musicale/blob/main/images/thumbnails_today/67.jpg,67,"<img src =""https://github.com/martinnicastro/topografia_musicale/blob/main/images/thumbnails_today/67.jpg?raw=true"">",,
ristorante_grande_italia,2023:08:23,45.46624342,9.189935695,non attivo,Night club,https://github.com/martinnicastro/topografia_musicale/blob/main/images/thumbnails_today/68.jpg,68,"<img src =""https://github.com/martinnicastro/topografia_musicale/blob/main/images/thumbnails_today/68.jpg?raw=true"">",,
rotonda_del_pellegrini,2021:08:10,45.4629154,9.1925853,non attivo,Sala da concerto,https://github.com/martinnicastro/topografia_musicale/blob/main/images/thumbnails_today/69.jpg,69,"<img src =""https://github.com/martinnicastro/topografia_musicale/blob/main/images/thumbnails_today/69.jpg?raw=true"">",,
sala_puccini,2023:08:22,45.46479956,9.20336426,attivo,Sala da concerto,https://github.com/martinnicastro/topografia_musicale/blob/main/images/thumbnails_today/70.jpg,70,"<img src =""https://github.com/martinnicastro/topografia_musicale/blob/main/images/thumbnails_today/70.jpg?raw=true"">",,
sala_verdi,2023:08:22,45.46484598,9.20341051,attivo,Sala da concerto,https://github.com/martinnicastro/topografia_musicale/blob/main/images/thumbnails_today/71.jpg,71,"<img src =""https://github.com/martinnicastro/topografia_musicale/blob/main/images/thumbnails_today/71.jpg?raw=true"">",,
salone_degli_affreschi,2023:08:22,45.460065,9.201985972,attivo,Sala da concerto,https://github.com/martinnicastro/topografia_musicale/blob/main/images/thumbnails_today/72.jpg,72,"<img src =""https://github.com/martinnicastro/topografia_musicale/blob/main/images/thumbnails_today/72.jpg?raw=true"">",,
sans_souci,2023:08:23,45.46259897,9.190334,non attivo,Night club,https://github.com/martinnicastro/topografia_musicale/blob/main/images/thumbnails_today/73.jpg,73,"<img src =""https://github.com/martinnicastro/topografia_musicale/blob/main/images/thumbnails_today/73.jpg?raw=true"">",,
santa_tecla,2023:08:23,45.462696,9.192681,non attivo,Night club,https://github.com/martinnicastro/topografia_musicale/blob/main/images/thumbnails_today/74.jpg,74,"<img src =""https://github.com/martinnicastro/topografia_musicale/blob/main/images/thumbnails_today/74.jpg?raw=true"">",,
sferisterio_diana,2023:08:23,45.47407918,9.206675846,non attivo,Sala da concerto,https://github.com/martinnicastro/topografia_musicale/blob/main/images/thumbnails_today/75.jpg,75,"<img src =""https://github.com/martinnicastro/topografia_musicale/blob/main/images/thumbnails_today/75.jpg?raw=true"">",,
shangai,2023:08:22,45.452215,9.182482,non attivo,Night club,https://github.com/martinnicastro/topografia_musicale/blob/main/images/thumbnails_today/76.jpg,76,"<img src =""https://github.com/martinnicastro/topografia_musicale/blob/main/images/thumbnails_today/76.jpg?raw=true"">",,
societa_del_giardino,2023:08:22,45.46599797,9.193329,attivo,Sala da concerto,https://github.com/martinnicastro/topografia_musicale/blob/main/images/thumbnails_today/77.jpg,77,"<img src =""https://github.com/martinnicastro/topografia_musicale/blob/main/images/thumbnails_today/77.jpg?raw=true"">",,
star_jolly_club,2023:08:22,45.46608297,9.197222972,non attivo,Night club,https://github.com/martinnicastro/topografia_musicale/blob/main/images/thumbnails_today/78.jpg,78,"<img src =""https://github.com/martinnicastro/topografia_musicale/blob/main/images/thumbnails_today/78.jpg?raw=true"">",,
stork,2023:08:23,45.462803,9.189743972,non attivo,Night club,https://github.com/martinnicastro/topografia_musicale/blob/main/images/thumbnails_today/79.jpg,79,"<img src =""https://github.com/martinnicastro/topografia_musicale/blob/main/images/thumbnails_today/79.jpg?raw=true"">",,
supercinema_alcione,2023:08:22,45.458775,9.18237,non attivo,Cinema Teatro,https://github.com/martinnicastro/topografia_musicale/blob/main/images/thumbnails_today/80.jpg,80,"<img src =""https://github.com/martinnicastro/topografia_musicale/blob/main/images/thumbnails_today/80.jpg?raw=true"">",,
taverna_della_giarrettiera,2023:08:23,45.46595826,9.18997235,non attivo,Night club,https://github.com/martinnicastro/topografia_musicale/blob/main/images/thumbnails_today/81.jpg,81,"<img src =""https://github.com/martinnicastro/topografia_musicale/blob/main/images/thumbnails_today/81.jpg?raw=true"">",,
taverna_duomo,2023:08:23,45.46502,9.191288,non attivo,Night club,https://github.com/martinnicastro/topografia_musicale/blob/main/images/thumbnails_today/82.jpg,82,"<img src =""https://github.com/martinnicastro/topografia_musicale/blob/main/images/thumbnails_today/82.jpg?raw=true"">",,
taverna_messicana,2021:08:10,45.46665313,9.181304424,non attivo,Night club,https://github.com/martinnicastro/topografia_musicale/blob/main/images/thumbnails_today/83.jpg,83,"<img src =""https://github.com/martinnicastro/topografia_musicale/blob/main/images/thumbnails_today/83.jpg?raw=true"">",,
teatrino_del_corso,2023:08:23,45.465406,9.194988972,non attivo,Teatro/Sala da concerto,https://github.com/martinnicastro/topografia_musicale/blob/main/images/thumbnails_today/84.jpg,84,"<img src =""https://github.com/martinnicastro/topografia_musicale/blob/main/images/thumbnails_today/84.jpg?raw=true"">",,
teatro_alla_scala,2021:08:10,45.46716696,9.189953782,attivo,Teatro/Sala da concerto,https://github.com/martinnicastro/topografia_musicale/blob/main/images/thumbnails_today/85.jpg,85,"<img src =""https://github.com/martinnicastro/topografia_musicale/blob/main/images/thumbnails_today/85.jpg?raw=true"">",,
teatro_alle_maschere,2023:08:22,45.46588797,9.199249,non attivo,Teatro/Sala da concerto,https://github.com/martinnicastro/topografia_musicale/blob/main/images/thumbnails_today/86.jpg,86,"<img src =""https://github.com/martinnicastro/topografia_musicale/blob/main/images/thumbnails_today/86.jpg?raw=true"">",,
teatro_carcano,2023:08:22,45.456473,9.195221,attivo,Cinema Teatro,https://github.com/martinnicastro/topografia_musicale/blob/main/images/thumbnails_today/87.jpg,87,"<img src =""https://github.com/martinnicastro/topografia_musicale/blob/main/images/thumbnails_today/87.jpg?raw=true"">",,
teatro_circo_molino,2023:08:22,45.456462,9.182202,non attivo,Teatro,https://github.com/martinnicastro/topografia_musicale/blob/main/images/thumbnails_today/88.jpg,88,"<img src =""https://github.com/martinnicastro/topografia_musicale/blob/main/images/thumbnails_today/88.jpg?raw=true"">",,
teatro_dal_verme,2021:08:10,45.46726845,9.181789348,attivo,Cinema Teatro,https://github.com/martinnicastro/topografia_musicale/blob/main/images/thumbnails_today/89.jpg,89,"<img src =""https://github.com/martinnicastro/topografia_musicale/blob/main/images/thumbnails_today/89.jpg?raw=true"">",,
teatro_del_convegno,2023:08:22,45.467266,9.192277972,non attivo,Teatro,https://github.com/martinnicastro/topografia_musicale/blob/main/images/thumbnails_today/90.jpg,90,"<img src =""https://github.com/martinnicastro/topografia_musicale/blob/main/images/thumbnails_today/91.jpg?raw=true"">",,
teatro_dell_arte,2023:08:22,45.472143,9.173144972,attivo,Teatro/Sala da concerto,https://github.com/martinnicastro/topografia_musicale/blob/main/images/thumbnails_today/91.jpg,91,"<img src =""https://github.com/martinnicastro/topografia_musicale/blob/main/images/thumbnails_today/90.jpg?raw=true"">",,
teatro_gerolamo,2021:08:10,45.4641867,9.1945688,attivo,Teatro/Sala da concerto,https://github.com/martinnicastro/topografia_musicale/blob/main/images/thumbnails_today/92.jpg,92,"<img src =""https://github.com/martinnicastro/topografia_musicale/blob/main/images/thumbnails_today/92.jpg?raw=true"">",,
teatro_lirico,2021:08:10,45.46224324,9.191238341,attivo,Teatro/Sala da concerto,https://github.com/martinnicastro/topografia_musicale/blob/main/images/thumbnails_today/93.jpg,93,"<img src =""https://github.com/martinnicastro/topografia_musicale/blob/main/images/thumbnails_today/93.jpg?raw=true"">",,
teatro_manzoni,2023:08:22,45.47138695,9.193978595,attivo,Teatro/Sala da concerto,https://github.com/martinnicastro/topografia_musicale/blob/main/images/thumbnails_today/94.jpg,94,"<img src =""https://github.com/martinnicastro/topografia_musicale/blob/main/images/thumbnails_today/94.jpg?raw=true"">",,
teatro_nuovo,2023:08:22,45.46643197,9.197639972,non attivo,Teatro/Sala da concerto,https://github.com/martinnicastro/topografia_musicale/blob/main/images/thumbnails_today/95.jpg,95,"<img src =""https://github.com/martinnicastro/topografia_musicale/blob/main/images/thumbnails_today/95.jpg?raw=true"">",,
teatro_odeon,2023:08:22,45.464779,9.192088,non attivo,Teatro,https://github.com/martinnicastro/topografia_musicale/blob/main/images/thumbnails_today/96.jpg,96,"<img src =""https://github.com/martinnicastro/topografia_musicale/blob/main/images/thumbnails_today/96.jpg?raw=true"">",,
teatro_olimpia,2021:08:10,45.46835186,9.182463479,non attivo,Teatro/Sala da concerto/Dancing,https://github.com/martinnicastro/topografia_musicale/blob/main/images/thumbnails_today/97.jpg,97,"<img src =""https://github.com/martinnicastro/topografia_musicale/blob/main/images/thumbnails_today/97.jpg?raw=true"">",,
teatro_puccini,2023:08:23,45.479308,9.210169,attivo,Cinema Teatro,https://github.com/martinnicastro/topografia_musicale/blob/main/images/thumbnails_today/98.jpg,98,"<img src =""https://github.com/martinnicastro/topografia_musicale/blob/main/images/thumbnails_today/98.jpg?raw=true"">",,
teatro_san_marco,2023:08:22,45.473278,9.187881,non attivo,Sala da concerto,https://github.com/martinnicastro/topografia_musicale/blob/main/images/thumbnails_today/99.jpg,99,"<img src =""https://github.com/martinnicastro/topografia_musicale/blob/main/images/thumbnails_today/100.jpg?raw=true"">",,
teatro_sant_erasmo,2023:08:22,45.471403,9.192209972,non attivo,Teatro/Sala da concerto,https://github.com/martinnicastro/topografia_musicale/blob/main/images/thumbnails_today/100.jpg,100,"<img src =""https://github.com/martinnicastro/topografia_musicale/blob/main/images/thumbnails_today/99.jpg?raw=true"">",,
teatro_smeraldo,2023:08:22,45.48033,9.186954972,non attivo,Teatro/Sala da concerto,https://github.com/martinnicastro/topografia_musicale/blob/main/images/thumbnails_today/101.jpg,101,"<img src =""https://github.com/martinnicastro/topografia_musicale/blob/main/images/thumbnails_today/101.jpg?raw=true"">",,
trocadero,2023:08:23,45.46566097,9.190307972,non attivo,Night club,https://github.com/martinnicastro/topografia_musicale/blob/main/images/thumbnails_today/102.jpg,102,"<img src =""https://github.com/martinnicastro/topografia_musicale/blob/main/images/thumbnails_today/102.jpg?raw=true"">",,
universita_cattolica,2023:08:22,45.463107,9.176488,attivo,Sala da concerto,https://github.com/martinnicastro/topografia_musicale/blob/main/images/thumbnails_today/103.jpg,103,"<img src =""https://github.com/martinnicastro/topografia_musicale/blob/main/images/thumbnails_today/103.jpg?raw=true"">",,
universita_popolare,2023:08:23,45.46139697,9.188912972,non attivo,Sala da concerto,https://github.com/martinnicastro/topografia_musicale/blob/main/images/thumbnails_today/104.jpg,104,"<img src =""https://github.com/martinnicastro/topografia_musicale/blob/main/images/thumbnails_today/104.jpg?raw=true"">",,
universita_statale,2023:08:22,45.461232,9.194483972,attivo,Sala da concerto,https://github.com/martinnicastro/topografia_musicale/blob/main/images/thumbnails_today/105.jpg,105,"<img src =""https://github.com/martinnicastro/topografia_musicale/blob/main/images/thumbnails_today/105.jpg?raw=true"">",,
whisky_notte_a_go_go,2023:08:23,45.47513,9.220978,non attivo,Whisky a go-go,https://github.com/martinnicastro/topografia_musicale/blob/main/images/thumbnails_today/106.jpg,106,"<img src =""https://github.com/martinnicastro/topografia_musicale/blob/main/images/thumbnails_today/106.jpg?raw=true"">",,