Source,Target,Type,Id,Label,Weight,attribute
046s,001p,Directed,2531,,1,1
105s,002p,Directed,2532,,6,6
052s,003p,Directed,2533,,1,1
069s,004p,Directed,2534,,1,1
026s,005p,Directed,2535,,1,1
106s,006p,Directed,2536,,5,5
108s,007p,Directed,2537,,1,1
108s,008p,Directed,2538,,2,2
108s,009p,Directed,2539,,1,1
030s,010p,Directed,2540,,1,1
017s,011p,Directed,2541,,1,1
083s,011p,Directed,2542,,1,1
108s,012p,Directed,2543,,1,1
030s,013p,Directed,2544,,1,1
031s,014p,Directed,2545,,1,1
005s,015p,Directed,2546,,4,4
107s,016p,Directed,2547,,8,8
108s,017p,Directed,2548,,4,4
093s,017p,Directed,2549,,3,3
005s,019p,Directed,2550,,1,1
004s,020p,Directed,2551,,3,3
031s,022p,Directed,2552,,1,1
095s,023p,Directed,2553,,1,1
104s,023p,Directed,2554,,1,1
005s,024p,Directed,2555,,1,1
031s,024p,Directed,2556,,1,1
017s,025p,Directed,2557,,1,1
073s,025p,Directed,2558,,11,11
100s,025p,Directed,2559,,4,4
030s,026p,Directed,2560,,1,1
109s,027p,Directed,2561,,26,26
046s,028p,Directed,2562,,1,1
106s,028p,Directed,2563,,1,1
068s,028p,Directed,2564,,1,1
022s,028p,Directed,2565,,1,1
069s,028p,Directed,2566,,3,3
070s,028p,Directed,2567,,1,1
115s,028p,Directed,2568,,18,18
093s,028p,Directed,2569,,1,1
104s,028p,Directed,2570,,1,1
078s,029p,Directed,2571,,2,2
108s,030p,Directed,2572,,1,1
100s,030p,Directed,2573,,2,2
031s,031p,Directed,2574,,2,2
100s,031p,Directed,2575,,2,2
106s,032p,Directed,2576,,1,1
026s,033p,Directed,2577,,1,1
031s,034p,Directed,2578,,1,1
103s,035p,Directed,2579,,2,2
005s,037p,Directed,2580,,5,5
108s,037p,Directed,2581,,1,1
108s,039p,Directed,2582,,44,44
071s,040p,Directed,2583,,1,1
110s,041p,Directed,2584,,5,5
109s,042p,Directed,2585,,42,42
026s,043p,Directed,2586,,1,1
108s,043p,Directed,2587,,1,1
025s,044p,Directed,2588,,1,1
031s,044p,Directed,2589,,1,1
073s,044p,Directed,2590,,1,1
079s,044p,Directed,2591,,1,1
122s,044p,Directed,2592,,1,1
103s,044p,Directed,2593,,1,1
036s,045p,Directed,2594,,3,3
108s,045p,Directed,2595,,4,4
093s,046p,Directed,2596,,1,1
005s,047p,Directed,2597,,2,2
111s,047p,Directed,2598,,4,4
064s,048p,Directed,2599,,14,14
105s,048p,Directed,2600,,3,3
022s,048p,Directed,2601,,1,1
117s,048p,Directed,2602,,1,1
030s,049p,Directed,2603,,1,1
020s,050p,Directed,2604,,2,2
107s,051p,Directed,2605,,42,42
107s,1895p,Directed,2606,,37,37
030s,052p,Directed,2607,,2,2
095s,053p,Directed,2608,,1,1
026s,054p,Directed,2609,,2,2
031s,054p,Directed,2610,,1,1
031s,055p,Directed,2611,,1,1
100s,1896p,Directed,2612,,3,3
100s,056p,Directed,2613,,2,2
030s,057p,Directed,2614,,1,1
005s,058p,Directed,2615,,3,3
051s,058p,Directed,2616,,1,1
005s,059p,Directed,2617,,1,1
031s,060p,Directed,2618,,1,1
031s,061p,Directed,2619,,1,1
026s,062p,Directed,2620,,1,1
031s,1897p,Directed,2621,,1,1
108s,1898p,Directed,2622,,1,1
073s,063p,Directed,2623,,1,1
031s,064p,Directed,2624,,2,2
100s,064p,Directed,2625,,3,3
106s,065p,Directed,2626,,2,2
111s,065p,Directed,2627,,4,4
108s,066p,Directed,2628,,3,3
093s,067p,Directed,2629,,1,1
108s,068p,Directed,2630,,2,2
031s,069p,Directed,2631,,1,1
105s,070p,Directed,2632,,8,8
073s,1899p,Directed,2633,,4,4
100s,1899p,Directed,2634,,9,9
100s,071p,Directed,2635,,8,8
093s,072p,Directed,2636,,1,1
026s,073p,Directed,2637,,1,1
061s,074p,Directed,2638,,1,1
107s,1900p,Directed,2639,,6,6
107s,075p,Directed,2640,,12,12
109s,075p,Directed,2641,,43,43
030s,076p,Directed,2642,,1,1
031s,1901p,Directed,2643,,1,1
073s,077p,Directed,2644,,1,1
100s,077p,Directed,2645,,4,4
106s,1902p,Directed,2646,,7,7
107s,1903p,Directed,2647,,1,1
073s,078p,Directed,2648,,4,4
108s,079p,Directed,2649,,1,1
100s,079p,Directed,2650,,2,2
002s,1904s,Directed,2651,,1,1
019s,080p,Directed,2652,,1,1
110s,080p,Directed,2653,,1,1
106s,1905s,Directed,2654,,2,2
005s,081p,Directed,2655,,1,1
100s,1906s,Directed,2656,,3,3
004s,082p,Directed,2657,,1,1
005s,082p,Directed,2658,,1,1
108s,082p,Directed,2659,,1,1
031s,083p,Directed,2660,,1,1
100s,083p,Directed,2661,,10,10
005s,1907s,Directed,2662,,1,1
031s,084p,Directed,2663,,1,1
031s,1908s,Directed,2664,,1,1
108s,085p,Directed,2665,,44,44
031s,1909s,Directed,2666,,1,1
108s,086p,Directed,2667,,2,2
117s,086p,Directed,2668,,1,1
105s,087p,Directed,2669,,1,1
105s,088p,Directed,2670,,8,8
107s,089p,Directed,2671,,22,22
005s,090p,Directed,2672,,2,2
026s,091p,Directed,2673,,1,1
039s,091p,Directed,2674,,1,1
098s,092p,Directed,2675,,15,15
004s,093p,Directed,2676,,1,1
030s,094p,Directed,2677,,1,1
100s,095p,Directed,2678,,13,13
071s,1910s,Directed,2679,,1,1
111s,096p,Directed,2680,,3,3
005s,097p,Directed,2681,,1,1
108s,1911s,Directed,2682,,1,1
108s,098p,Directed,2684,,1,1
030s,099p,Directed,2685,,1,1
030s,1912s,Directed,2686,,1,1
030s,100p,Directed,2687,,1,1
006s,101p,Directed,2688,,4,4
106s,101p,Directed,2689,,1,1
104s,102p,Directed,2690,,1,1
005s,103p,Directed,2691,,1,1
020s,104p,Directed,2692,,1,1
111s,1913s,Directed,2693,,2,2
108s,105p,Directed,2694,,44,44
107s,1914s,Directed,2695,,2,2
020s,106p,Directed,2696,,2,2
005s,107p,Directed,2697,,2,2
103s,108p,Directed,2698,,14,14
031s,109p,Directed,2699,,1,1
105s,110p,Directed,2700,,31,31
075s,111p,Directed,2701,,29,29
109s,112p,Directed,2702,,32,32
047s,1915s,Directed,2703,,9,9
049s,1915s,Directed,2704,,24,24
110s,1916s,Directed,2705,,16,16
122s,113p,Directed,2706,,1,1
005s,114p,Directed,2707,,2,2
100s,1917s,Directed,2708,,2,2
030s,115p,Directed,2709,,1,1
100s,116p,Directed,2710,,5,5
005s,117p,Directed,2711,,2,2
019s,118p,Directed,2712,,1,1
030s,119p,Directed,2713,,1,1
100s,120p,Directed,2714,,20,20
100s,121p,Directed,2715,,77,77
005s,122p,Directed,2716,,6,6
017s,122p,Directed,2717,,1,1
030s,122p,Directed,2718,,2,2
051s,122p,Directed,2719,,1,1
108s,122p,Directed,2720,,4,4
071s,122p,Directed,2721,,1,1
026s,123p,Directed,2722,,3,3
031s,123p,Directed,2723,,1,1
108s,123p,Directed,2724,,1,1
071s,123p,Directed,2725,,1,1
073s,124p,Directed,2726,,5,5
100s,125p,Directed,2727,,11,11
108s,126p,Directed,2728,,2,2
093s,1918s,Directed,2729,,1,1
108s,127p,Directed,2730,,2,2
005s,128p,Directed,2731,,1,1
026s,128p,Directed,2732,,1,1
031s,128p,Directed,2733,,1,1
100s,128p,Directed,2734,,2,2
020s,129p,Directed,2735,,2,2
106s,131p,Directed,2736,,2,2
004s,132p,Directed,2737,,1,1
100s,133p,Directed,2738,,4,4
101s,135p,Directed,2739,,21,21
108s,136p,Directed,2740,,2,2
108s,1919s,Directed,2741,,1,1
100s,137p,Directed,2742,,9,9
111s,138p,Directed,2743,,2,2
105s,139p,Directed,2744,,68,68
005s,140p,Directed,2745,,2,2
111s,140p,Directed,2746,,3,3
107s,141p,Directed,2747,,44,44
108s,142p,Directed,2748,,1,1
004s,143p,Directed,2749,,1,1
079s,143p,Directed,2750,,1,1
030s,144p,Directed,2751,,1,1
106s,1920s,Directed,2752,,1,1
106s,145p,Directed,2753,,2,2
031s,146p,Directed,2754,,1,1
108s,147p,Directed,2755,,1,1
103s,148p,Directed,2756,,2,2
031s,149p,Directed,2757,,2,2
100s,149p,Directed,2758,,4,4
108s,150p,Directed,2759,,2,2
100s,150p,Directed,2760,,11,11
106s,151p,Directed,2761,,1,1
093s,1921s,Directed,2762,,1,1
106s,152p,Directed,2763,,1,1
012s,153p,Directed,2764,,13,13
005s,154p,Directed,2765,,1,1
111s,156p,Directed,2766,,3,3
106s,155p,Directed,2767,,7,7
005s,1922s,Directed,2768,,1,1
025s,157p,Directed,2769,,1,1
107s,158p,Directed,2770,,37,37
109s,158p,Directed,2771,,24,24
093s,158p,Directed,2772,,1,1
100s,160p,Directed,2773,,16,16
108s,161p,Directed,2774,,26,26
026s,162p,Directed,2775,,1,1
106s,163p,Directed,2776,,74,74
026s,164p,Directed,2777,,1,1
108s,165p,Directed,2778,,2,2
100s,166p,Directed,2779,,3,3
108s,167p,Directed,2780,,10,10
075s,168p,Directed,2781,,12,12
031s,169p,Directed,2782,,1,1
108s,170p,Directed,2783,,3,3
002s,171p,Directed,2784,,1,1
106s,172p,Directed,2785,,1,1
113s,172p,Directed,2786,,1,1
106s,173p,Directed,2787,,21,21
020s,174p,Directed,2788,,2,2
106s,176p,Directed,2789,,1,1
031s,177p,Directed,2790,,1,1
031s,178p,Directed,2791,,1,1
108s,179p,Directed,2792,,2,2
115s,181p,Directed,2793,,2,2
005s,183p,Directed,2794,,1,1
061s,182p,Directed,2795,,1,1
073s,183p,Directed,2797,,10,10
100s,183p,Directed,2798,,2,2
020s,184p,Directed,2799,,2,2
108s,186p,Directed,2800,,3,3
069s,187p,Directed,2801,,3,3
107s,188p,Directed,2802,,1,1
069s,188p,Directed,2803,,1,1
020s,189p,Directed,2804,,3,3
105s,190p,Directed,2805,,2,2
115s,190p,Directed,2806,,1,1
100s,191p,Directed,2807,,2,2
020s,192p,Directed,2808,,1,1
110s,194p,Directed,2809,,50,50
107s,195p,Directed,2810,,2,2
108s,196p,Directed,2811,,3,3
102s,197p,Directed,2812,,1,1
045s,198p,Directed,2813,,2,2
020s,199p,Directed,2814,,2,2
093s,199p,Directed,2815,,1,1
019s,200p,Directed,2816,,1,1
079s,201p,Directed,2817,,1,1
100s,202p,Directed,2818,,16,16
113s,203p,Directed,2819,,2,2
108s,204p,Directed,2820,,1,1
020s,205p,Directed,2821,,2,2
106s,205p,Directed,2822,,1,1
005s,206p,Directed,2823,,1,1
073s,206p,Directed,2824,,4,4
100s,206p,Directed,2825,,2,2
050s,207p,Directed,2826,,1,1
108s,208p,Directed,2827,,1,1
073s,209p,Directed,2828,,14,14
100s,209p,Directed,2829,,1,1
108s,210p,Directed,2830,,1,1
005s,211p,Directed,2831,,8,8
030s,211p,Directed,2832,,4,4
031s,211p,Directed,2833,,2,2
011s,211p,Directed,2834,,1,1
108s,211p,Directed,2835,,5,5
110s,212p,Directed,2836,,2,2
122s,211p,Directed,2837,,1,1
098s,213p,Directed,2838,,14,14
026s,214p,Directed,2839,,1,1
108s,214p,Directed,2840,,1,1
005s,215p,Directed,2841,,1,1
108s,215p,Directed,2842,,2,2
005s,216p,Directed,2843,,1,1
073s,215p,Directed,2844,,5,5
059s,217p,Directed,2845,,18,18
004s,218p,Directed,2846,,1,1
005s,218p,Directed,2847,,1,1
030s,218p,Directed,2848,,2,2
071s,218p,Directed,2849,,2,2
004s,219p,Directed,2850,,1,1
108s,220p,Directed,2851,,2,2
080s,221p,Directed,2852,,1,1
115s,222p,Directed,2853,,6,6
005s,223p,Directed,2854,,2,2
108s,224p,Directed,2855,,2,2
101s,225p,Directed,2856,,1,1
108s,226p,Directed,2857,,2,2
110s,226p,Directed,2858,,2,2
106s,227p,Directed,2859,,2,2
102s,228p,Directed,2860,,1,1
106s,229p,Directed,2861,,1,1
107s,229p,Directed,2862,,4,4
025s,230p,Directed,2863,,1,1
105s,230p,Directed,2864,,2,2
108s,231p,Directed,2865,,2,2
113s,232p,Directed,2866,,24,24
100s,233p,Directed,2867,,2,2
059s,234p,Directed,2868,,3,3
101s,235p,Directed,2869,,11,11
020s,236p,Directed,2870,,2,2
117s,237p,Directed,2871,,1,1
020s,238p,Directed,2872,,1,1
108s,239p,Directed,2873,,2,2
108s,240p,Directed,2874,,1,1
030s,241p,Directed,2875,,1,1
004s,242p,Directed,2876,,1,1
100s,243p,Directed,2877,,15,15
108s,244p,Directed,2878,,33,33
111s,245p,Directed,2879,,4,4
068s,246p,Directed,2880,,2,2
006s,247p,Directed,2881,,6,6
106s,247p,Directed,2883,,1,1
075s,248p,Directed,2884,,1,1
104s,249p,Directed,2885,,1,1
108s,250p,Directed,2886,,3,3
106s,251p,Directed,2887,,20,20
103s,252p,Directed,2888,,14,14
100s,253p,Directed,2889,,5,5
108s,254p,Directed,2890,,1,1
106s,255p,Directed,2891,,141,141
115s,255p,Directed,2892,,15,15
106s,256p,Directed,2893,,1,1
005s,257p,Directed,2894,,1,1
005s,258p,Directed,2895,,17,17
005s,259p,Directed,2896,,1,1
108s,259p,Directed,2897,,4,4
100s,260p,Directed,2898,,4,4
108s,261p,Directed,2899,,44,44
109s,261p,Directed,2900,,32,32
031s,262p,Directed,2901,,1,1
100s,262p,Directed,2902,,4,4
108s,263p,Directed,2903,,1,1
100s,264p,Directed,2904,,5,5
114s,265p,Directed,2905,,39,39
106s,266p,Directed,2906,,57,57
109s,266p,Directed,2907,,32,32
105s,267p,Directed,2908,,23,23
005s,268p,Directed,2909,,1,1
108s,268p,Directed,2910,,1,1
117s,268p,Directed,2911,,1,1
018s,269p,Directed,2912,,1,1
109s,270p,Directed,2913,,24,24
005s,271p,Directed,2914,,2,2
031s,271p,Directed,2915,,2,2
108s,271p,Directed,2916,,3,3
007s,272p,Directed,2917,,2,2
036s,272p,Directed,2918,,1,1
005s,273p,Directed,2919,,1,1
111s,274p,Directed,2920,,2,2
106s,275p,Directed,2921,,1,
108s,276p,Directed,2922,,3,3
105s,277p,Directed,2923,,2,2
020s,278p,Directed,2924,,1,1
093s,279p,Directed,2925,,1,1
110s,280p,Directed,2926,,3,3
105s,281p,Directed,2927,,6,6
075s,281p,Directed,2928,,7,7
105s,282p,Directed,2929,,6,6
093s,283p,Directed,2930,,2,2
075s,284p,Directed,2931,,3,3
031s,285p,Directed,2932,,1,1
100s,286p,Directed,2933,,4,4
004s,287p,Directed,2934,,1,1
100s,288p,Directed,2935,,2,2
005s,289p,Directed,2936,,5,5
026s,289p,Directed,2937,,1,1
030s,289p,Directed,2938,,1,1
031s,289p,Directed,2939,,6,6
108s,289p,Directed,2940,,1,1
078s,289p,Directed,2941,,1,1
114s,290p,Directed,2942,,14,14
110s,291p,Directed,2943,,13,13
108s,292p,Directed,2944,,1,1
110s,293p,Directed,2945,,4,4
107s,294p,Directed,2946,,1,1
106s,295p,Directed,2947,,2,2
098s,296p,Directed,2948,,4,4
075s,297p,Directed,2949,,74,74
019s,298p,Directed,2950,,1,1
108s,298p,Directed,2951,,4,4
110s,298p,Directed,2952,,4,4
085s,298p,Directed,2953,,4,4
051s,299p,Directed,2954,,1,1
108s,299p,Directed,2955,,1,1
108s,300p,Directed,2956,,1,1
100s,301p,Directed,2957,,2,2
107s,302p,Directed,2958,,1,1
020s,303p,Directed,2959,,1,1
106s,304p,Directed,2960,,73,73
100s,306p,Directed,2961,,4,4
007s,305p,Directed,2962,,1,1
100s,307p,Directed,2963,,4,4
031s,308p,Directed,2964,,2,2
100s,309p,Directed,2965,,5,5
004s,310p,Directed,2966,,1,1
018s,311p,Directed,2967,,1,1
025s,312p,Directed,2968,,1,1
102s,313p,Directed,2969,,1,1
005s,314p,Directed,2970,,1,1
026s,315p,Directed,2971,,1,1
105s,316p,Directed,2972,,91,91
106s,317p,Directed,2973,,28,28
005s,318p,Directed,2974,,9,9
031s,318p,Directed,2975,,1,1
108s,318p,Directed,2976,,2,2
073s,318p,Directed,2977,,1,1
031s,319p,Directed,2978,,1,1
100s,319p,Directed,2979,,3,3
030s,320p,Directed,2980,,1,1
030s,321p,Directed,2981,,1,1
079s,321p,Directed,2982,,3,3
005s,322p,Directed,2983,,2,2
020s,323p,Directed,2984,,3,3
106s,323p,Directed,2985,,1,1
070s,323p,Directed,2986,,1,1
115s,323p,Directed,2987,,25,25
005s,324p,Directed,2988,,1,1
100s,325p,Directed,2989,,2,2
115s,326p,Directed,2990,,8,8
093s,326p,Directed,2991,,1,1
005s,327p,Directed,2992,,1,1
031s,328p,Directed,2993,,1,1
108s,328p,Directed,2994,,2,2
107s,329p,Directed,2995,,2,2
093s,330p,Directed,2996,,1,1
100s,331p,Directed,2997,,4,4
108s,333p,Directed,2998,,22,22
093s,334p,Directed,2999,,4,4
020s,335p,Directed,3000,,1,1
100s,336p,Directed,3001,,4,4
020s,337p,Directed,3002,,1,1
028s,338p,Directed,3003,,1,1
031s,339p,Directed,3004,,1,1
117s,340p,Directed,3005,,1,1
005s,341p,Directed,3006,,1,1
095s,342p,Directed,3007,,1,1
007s,343p,Directed,3008,,1,1
026s,344p,Directed,3009,,1,1
030s,344p,Directed,3010,,1,1
031s,344p,Directed,3011,,2,2
078s,344p,Directed,3012,,1,1
119s,344p,Directed,3013,,1,1
031s,345p,Directed,3014,,1,1
018s,346p,Directed,3015,,1,1
106s,347p,Directed,3016,,1,1
064s,348p,Directed,3017,,10,10
100s,349p,Directed,3018,,2,2
100s,350p,Directed,3019,,2,2
031s,351p,Directed,3020,,1,1
031s,352p,Directed,3021,,1,1
031s,353p,Directed,3022,,1,1
100s,354p,Directed,3023,,2,2
108s,355p,Directed,3024,,1,1
031s,356p,Directed,3025,,1,1
083s,356p,Directed,3026,,1,1
098s,356p,Directed,3027,,1,1
005s,357p,Directed,3028,,1,1
108s,357p,Directed,3029,,1,1
005s,358p,Directed,3030,,3,3
100s,359p,Directed,3031,,2,2
030s,360p,Directed,3032,,1,1
106s,361p,Directed,3033,,1,1
070s,361p,Directed,3034,,1,1
025s,361p,Directed,3035,,1,1
047s,362p,Directed,3037,,9,9
049s,362p,Directed,3038,,24,24
054s,363p,Directed,3039,,1,1
105s,364p,Directed,3040,,4,4
067s,364p,Directed,3041,,8,8
108s,364p,Directed,3042,,4,4
109s,364p,Directed,3043,,23,23
108s,365p,Directed,3044,,2,2
106s,366p,Directed,3045,,2,2
106s,367p,Directed,3046,,1,1
004s,368p,Directed,3047,,1,1
108s,369p,Directed,3048,,4,4
031s,370p,Directed,3049,,1,1
068s,371p,Directed,3050,,1,1
106s,372p,Directed,3051,,2,2
020s,373p,Directed,3052,,1,1
098s,374p,Directed,3053,,14,14
005s,375p,Directed,3054,,1,1
110s,376p,Directed,3055,,23,23
109s,377p,Directed,3056,,176,176
106s,378p,Directed,3057,,1,1
031s,379p,Directed,3058,,3,3
113s,380p,Directed,3059,,3,3
108s,381p,Directed,3060,,1,1
020s,382p,Directed,3061,,2,2
106s,383p,Directed,3062,,187,187
115s,383p,Directed,3063,,15,15
005s,384p,Directed,3064,,1,1
005s,385p,Directed,3065,,1,1
103s,386p,Directed,3066,,2,2
031s,387p,Directed,3067,,1,1
110s,388p,Directed,3068,,43,43
108s,389p,Directed,3069,,2,2
030s,390p,Directed,3070,,1,1
031s,391p,Directed,3071,,1,1
021s,391p,Directed,3072,,1,1
108s,392p,Directed,3073,,3,3
110s,393p,Directed,3074,,17,17
031s,394p,Directed,3075,,1,1
031s,395p,Directed,3076,,1,1
100s,396p,Directed,3077,,5,5
040s,397p,Directed,3078,,1,1
097s,397p,Directed,3079,,1,1
031s,398p,Directed,3080,,1,1
005s,399p,Directed,3081,,1,1
030s,400p,Directed,3082,,1,1
100s,401p,Directed,3083,,5,5
031s,402p,Directed,3084,,1,1
107s,403p,Directed,3085,,2,2
110s,403p,Directed,3086,,2,2
005s,404p,Directed,3087,,1,1
005s,405p,Directed,3088,,2,2
105s,406p,Directed,3089,,4,4
123s,406p,Directed,3090,,1,1
098s,407p,Directed,3091,,14,14
106s,406p,Directed,3092,,77,77
117s,406p,Directed,3093,,1,1
005s,408p,Directed,3094,,1,1
106s,409p,Directed,3095,,4,4
108s,409p,Directed,3096,,3,3
009s,410p,Directed,3097,,70,70
031s,410p,Directed,3098,,5,5
051s,410p,Directed,3099,,8,8
066s,410p,Directed,3100,,1,1
072s,410p,Directed,3101,,1,1
078s,410p,Directed,3102,,8,8
007s,411p,Directed,3103,,2,2
020s,411p,Directed,3104,,1,1
036s,411p,Directed,3105,,3,3
069s,411p,Directed,3106,,3,3
093s,411p,Directed,3107,,1,1
108s,412p,Directed,3108,,1,1
031s,413p,Directed,3109,,1,1
108s,413p,Directed,3110,,3,3
105s,413p,Directed,3111,,2,2
005s,414p,Directed,3113,,1,1
095s,415p,Directed,3114,,1,1
108s,416p,Directed,3115,,50,50
100s,417p,Directed,3116,,2,2
024s,418p,Directed,3117,,1,1
106s,419p,Directed,3118,,1,1
107s,419p,Directed,3119,,1,1
102s,420p,Directed,3120,,2,2
030s,421p,Directed,3121,,1,1
004s,422p,Directed,3122,,1,1
004s,424p,Directed,3123,,1,1
124s,423p,Directed,3124,,1,1
028s,424p,Directed,3125,,1,1
026s,425p,Directed,3126,,1,1
028s,426p,Directed,3127,,1,1
053s,427p,Directed,3128,,1,1
108s,428p,Directed,3129,,1,1
098s,429p,Directed,3130,,4,4
108s,430p,Directed,3131,,2,2
034s,431p,Directed,3132,,1,1
073s,432p,Directed,3133,,4,4
102s,433p,Directed,3134,,2,2
106s,433p,Directed,3135,,5,5
085s,434p,Directed,3136,,1,1
073s,435p,Directed,3137,,5,5
100s,435p,Directed,3138,,16,16
005s,436p,Directed,3139,,1,1
075s,437p,Directed,3140,,50,50
110s,438p,Directed,3141,,15,15
026s,439p,Directed,3142,,1,1
109s,440p,Directed,3143,,59,59
022s,440p,Directed,3144,,1,1
031s,441p,Directed,3145,,1,1
075s,442p,Directed,3146,,1,1
117s,442p,Directed,3147,,1,1
030s,442p,Directed,3148,,1,1
025s,443p,Directed,3149,,1,1
026s,444p,Directed,3150,,1,1
039s,444p,Directed,3151,,1,1
105s,444p,Directed,3152,,1,1
100s,445p,Directed,3153,,1,1
031s,445p,Directed,3154,,1,1
031s,446p,Directed,3155,,2,2
108s,447p,Directed,3156,,3,3
110s,448p,Directed,3157,,25,25
031s,449p,Directed,3158,,2,2
106s,451p,Directed,3159,,1,1
005s,452p,Directed,3160,,1,1
107s,453p,Directed,3161,,42,42
039s,454p,Directed,3162,,1,1
106s,455p,Directed,3163,,45,45
030s,456p,Directed,3164,,1,1
113s,457p,Directed,3165,,35,35
100s,458p,Directed,3166,,4,4
093s,459p,Directed,3167,,1,1
108s,460p,Directed,3168,,1,1
083s,460p,Directed,3169,,1,1
005s,461p,Directed,3170,,1,1
073s,462p,Directed,3171,,1,1
093s,463p,Directed,3172,,10,10
110s,464p,Directed,3173,,15,15
012s,465p,Directed,3174,,2,2
030s,466p,Directed,3175,,1,1
073s,467p,Directed,3176,,5,5
106s,468p,Directed,3177,,2,2
107s,468p,Directed,3178,,5,5
031s,469p,Directed,3179,,1,1
004s,470p,Directed,3180,,1,1
004s,471p,Directed,3181,,2,2
030s,472p,Directed,3182,,1,1
106s,473p,Directed,3183,,4,4
108s,473p,Directed,3184,,40,40
036s,474p,Directed,3185,,11,11
103s,475p,Directed,3186,,2,2
005s,476p,Directed,3187,,1,1
026s,476p,Directed,3188,,1,1
106s,477p,Directed,3189,,20,20
107s,477p,Directed,3190,,4,4
109s,477p,Directed,3191,,24,24
110s,477p,Directed,3192,,16,16
071s,478p,Directed,3193,,1,1
108s,479p,Directed,3194,,1,1
031s,480p,Directed,3195,,1,1
005s,481p,Directed,3196,,4,4
026s,482p,Directed,3197,,1,1
110s,482p,Directed,3198,,1,1
030s,483p,Directed,3199,,1,1
108s,484p,Directed,3200,,2,2
075s,485p,Directed,3201,,60,60
005s,486p,Directed,3202,,1,1
108s,486p,Directed,3203,,8,8
110s,487p,Directed,3204,,1,1
026s,488p,Directed,3205,,1,1
108s,489p,Directed,3206,,2,2
105s,490p,Directed,3207,,3,3
005s,491p,Directed,3208,,2,2
108s,492p,Directed,3209,,1,1
026s,492p,Directed,3210,,1,1
073s,493p,Directed,3212,,1,1
106s,494p,Directed,3213,,20,20
107s,494p,Directed,3214,,4,4
109s,494p,Directed,3215,,37,37
110s,494p,Directed,3216,,19,19
004s,495p,Directed,3217,,1,1
105s,496p,Directed,3218,,1,1
107s,496p,Directed,3219,,1,1
069s,496p,Directed,3220,,1,1
114s,496p,Directed,3221,,11,11
113s,496p,Directed,3222,,4,4
113s,497p,Directed,3223,,2,2
031s,498p,Directed,3224,,2,2
108s,498p,Directed,3225,,1,1
100s,498p,Directed,3226,,2,2
106s,499p,Directed,3227,,2,2
105s,500p,Directed,3228,,1,1
105s,501p,Directed,3229,,1,1
026s,502p,Directed,3230,,1,1
018s,503p,Directed,3231,,1,1
031s,503p,Directed,3232,,3,3
107s,504p,Directed,3233,,1,1
105s,505p,Directed,3234,,1,1
112s,506p,Directed,3235,,1,1
105s,507p,Directed,3236,,29,29
049s,507p,Directed,3237,,1,1
107s,507p,Directed,3238,,1,1
113s,507p,Directed,3239,,1,1
093s,508p,Directed,3240,,1,1
007s,509p,Directed,3241,,1,1
075s,510p,Directed,3242,,50,50
105s,511p,Directed,3243,,2,2
110s,511p,Directed,3244,,1,1
069s,511p,Directed,3245,,3,3
097s,511p,Directed,3246,,1,1
004s,512p,Directed,3247,,1,1
002s,513p,Directed,3248,,1,1
031s,514p,Directed,3249,,1,1
108s,515p,Directed,3250,,26,26
114s,515p,Directed,3251,,39,39
102s,516p,Directed,3252,,20,20
106s,516p,Directed,3253,,58,58
110s,516p,Directed,3254,,24,24
106s,517p,Directed,3255,,2,2
104s,518p,Directed,3256,,1,1
108s,519p,Directed,3257,,1,1
114s,520p,Directed,3258,,2,2
105s,521p,Directed,3259,,2,2
004s,522p,Directed,3260,,1,1
005s,523p,Directed,3261,,1,1
093s,524p,Directed,3262,,1,1
087s,525p,Directed,3263,,1,1
100s,526p,Directed,3264,,79,79
107s,527p,Directed,3265,,54,54
109s,527p,Directed,3266,,43,43
005s,528p,Directed,3267,,2,2
108s,528p,Directed,3268,,12,12
100s,528p,Directed,3269,,2,2
113s,529p,Directed,3270,,1,1
100s,530p,Directed,3271,,2,2
005s,531p,Directed,3272,,1,1
031s,532p,Directed,3273,,2,2
106s,532p,Directed,3274,,1,1
108s,532p,Directed,3275,,3,3
100s,533p,Directed,3276,,2,2
107s,534p,Directed,3277,,12,12
109s,534p,Directed,3278,,44,44
112s,534p,Directed,3279,,1,1
105s,535p,Directed,3280,,20,20
005s,536p,Directed,3281,,1,1
108s,536p,Directed,3282,,1,1
026s,537p,Directed,3283,,1,1
106s,538p,Directed,3284,,1,1
106s,539p,Directed,3285,,2,2
097s,540p,Directed,3286,,2,2
115s,541p,Directed,3287,,17,17
106s,542p,Directed,3288,,1,1
095s,543p,Directed,3289,,1,1
106s,544p,Directed,3290,,1,1
100s,545p,Directed,3291,,2,2
061s,546p,Directed,3292,,1,1
005s,547p,Directed,3293,,1,1
006s,548p,Directed,3294,,95,95
073s,549p,Directed,3295,,1,1
005s,550p,Directed,3296,,1,1
100s,551p,Directed,3297,,4,4
105s,552p,Directed,3298,,25,25
031s,553p,Directed,3299,,1,1
031s,554p,Directed,3300,,1,1
100s,554p,Directed,3301,,12,12
108s,557p,Directed,3302,,1,1
100s,556p,Directed,3303,,4,4
100s,558p,Directed,3304,,4,4
005s,555p,Directed,3305,,1,1
100s,559p,Directed,3306,,2,2
100s,560p,Directed,3307,,2,2
031s,561p,Directed,3308,,2,2
031s,562p,Directed,3309,,1,1
031s,563p,Directed,3310,,1,1
031s,564p,Directed,3311,,1,1
004s,565p,Directed,3312,,2,2
106s,566p,Directed,3313,,1,1
100s,567p,Directed,3314,,2,2
005s,568p,Directed,3315,,1,1
073s,568p,Directed,3316,,22,22
100s,569p,Directed,3317,,17,17
106s,570p,Directed,3318,,1,1
113s,570p,Directed,3319,,2,2
005s,571p,Directed,3320,,1,1
115s,572p,Directed,3321,,1,1
112s,572p,Directed,3322,,1,1
108s,573p,Directed,3323,,50,50
097s,574p,Directed,3324,,2,2
099s,575p,Directed,3325,,199,199
108s,575p,Directed,3326,,60,60
115s,575p,Directed,3327,,6,6
095s,576p,Directed,3328,,1,1
113s,577p,Directed,3329,,8,8
109s,578p,Directed,3330,,176,176
030s,579p,Directed,3331,,2,2
108s,580p,Directed,3332,,23,23
061s,581p,Directed,3333,,1,1
004s,582p,Directed,3334,,1,1
005s,583p,Directed,3335,,1,1
108s,583p,Directed,3336,,3,3
031s,584p,Directed,3337,,2,2
108s,584p,Directed,3338,,1,1
100s,584p,Directed,3339,,2,2
108s,585p,Directed,3340,,1,1
071s,586p,Directed,3341,,1,1
113s,587p,Directed,3342,,1,1
073s,588p,Directed,3343,,10,10
005s,589p,Directed,3344,,1,1
108s,589p,Directed,3345,,2,2
025s,591p,Directed,3346,,1,1
105s,591p,Directed,3347,,3,3
106s,591p,Directed,3348,,1,1
107s,591p,Directed,3349,,1,1
110s,591p,Directed,3350,,1,1
069s,591p,Directed,3351,,1,1
070s,591p,Directed,3352,,1,1
085s,591p,Directed,3353,,2,2
117s,591p,Directed,3354,,1,1
113s,591p,Directed,3355,,5,5
100s,592p,Directed,3356,,25,25
106s,593p,Directed,3357,,1,1
104s,593p,Directed,3358,,1,1
047s,594p,Directed,3359,,9,9
049s,594p,Directed,3360,,24,24
073s,595p,Directed,3361,,1,1
108s,596p,Directed,3362,,50,50
109s,596p,Directed,3363,,26,26
036s,597p,Directed,3364,,8,8
106s,597p,Directed,3365,,74,74
093s,597p,Directed,3366,,1,1
005s,598p,Directed,3367,,1,1
030s,598p,Directed,3368,,1,1
108s,598p,Directed,3369,,1,1
109s,599p,Directed,3370,,32,32
005s,600p,Directed,3371,,1,1
026s,600p,Directed,3372,,1,1
031s,600p,Directed,3373,,2,2
108s,600p,Directed,3374,,4,4
020s,601p,Directed,3375,,1,1
030s,602p,Directed,3376,,1,1
031s,603p,Directed,3377,,2,2
108s,603p,Directed,3378,,3,3
019s,604p,Directed,3379,,1,1
068s,605p,Directed,3380,,2,2
005s,606p,Directed,3381,,1,1
108s,607p,Directed,3382,,22,22
004s,608p,Directed,3383,,1,1
111s,608p,Directed,3384,,4,4
047s,609p,Directed,3385,,33,33
075s,610p,Directed,3386,,93,93
111s,611p,Directed,3387,,2,2
110s,612p,Directed,3388,,1,1
020s,613p,Directed,3389,,2,2
117s,614p,Directed,3390,,1,1
116s,615p,Directed,3391,,21,21
005s,616p,Directed,3392,,1,1
105s,616p,Directed,3393,,1,1
036s,617p,Directed,3394,,1,1
039s,618p,Directed,3395,,1,1
093s,619p,Directed,3396,,1,1
106s,620p,Directed,3397,,2,2
083s,621p,Directed,3398,,1,1
108s,622p,Directed,3399,,1,1
107s,623p,Directed,3400,,1,1
069s,623p,Directed,3401,,1,1
093s,624p,Directed,3402,,2,2
046s,626p,Directed,3403,,1,1
106s,626p,Directed,3404,,1,1
108s,627p,Directed,3405,,1,1
042s,628p,Directed,3406,,1,1
108s,629p,Directed,3407,,1,1
031s,629p,Directed,3408,,1,1
093s,630p,Directed,3409,,1,1
005s,631p,Directed,3410,,1,1
108s,631p,Directed,3411,,1,1
108s,632p,Directed,3412,,1,1
031s,633p,Directed,3413,,6,6
031s,634p,Directed,3414,,1,1
004s,635p,Directed,3415,,1,1
104s,636p,Directed,3416,,1,1
108s,637p,Directed,3417,,5,5
031s,638p,Directed,3418,,2,2
105s,639p,Directed,3419,,21,21
005s,640p,Directed,3420,,2,2
108s,640p,Directed,3421,,1,1
031s,641p,Directed,3422,,1,1
005s,642p,Directed,3423,,1,1
002s,643p,Directed,3424,,1,1
100s,644p,Directed,3425,,16,16
108s,645p,Directed,3426,,44,44
030s,646p,Directed,3427,,1,1
108s,647p,Directed,3428,,1,1
004s,648p,Directed,3429,,1,1
075s,649p,Directed,3430,,43,43
068s,650p,Directed,3431,,5,5
030s,651p,Directed,3432,,1,1
031s,652p,Directed,3433,,1,1
100s,652p,Directed,3434,,5,5
108s,654p,Directed,3435,,1,1
100s,654p,Directed,3436,,2,2
026s,653p,Directed,3437,,1,
103s,655p,Directed,3438,,14,14
100s,656p,Directed,3439,,5,5
007s,657p,Directed,3440,,2,2
115s,657p,Directed,3441,,1,1
005s,658p,Directed,3442,,3,3
078s,658p,Directed,3443,,1,1
115s,659p,Directed,3444,,1,1
106s,660p,Directed,3445,,2,2
020s,661p,Directed,3446,,2,2
112s,661p,Directed,3447,,1,1
107s,662p,Directed,3448,,2,2
005s,664p,Directed,3449,,1,1
108s,663p,Directed,3450,,2,2
100s,665p,Directed,3451,,5,5
113s,666p,Directed,3452,,2,2
105s,667p,Directed,3453,,2,2
113s,667p,Directed,3454,,27,27
108s,668p,Directed,3455,,2,2
100s,669p,Directed,3456,,4,4
030s,670p,Directed,3457,,1,1
087s,671p,Directed,3458,,1,1
105s,672p,Directed,3459,,1,1
031s,673p,Directed,3460,,1,1
108s,673p,Directed,3461,,1,1
105s,674p,Directed,3462,,6,6
106s,675p,Directed,3463,,1,1
107s,675p,Directed,3464,,2,2
108s,676p,Directed,3465,,5,5
031s,677p,Directed,3466,,1,1
108s,677p,Directed,3467,,1,1
106s,678p,Directed,3468,,1,1
093s,680p,Directed,3469,,3,3
108s,681p,Directed,3470,,2,2
100s,682p,Directed,3471,,4,4
106s,683p,Directed,3472,,1,1
100s,685p,Directed,3473,,5,5
105s,686p,Directed,3474,,1,1
108s,687p,Directed,3475,,1,1
100s,688p,Directed,3476,,65,65
111s,689p,Directed,3477,,4,4
098s,690p,Directed,3478,,14,14
105s,691p,Directed,3479,,49,49
073s,691p,Directed,3480,,5,5
075s,691p,Directed,3481,,21,21
075s,692p,Directed,3482,,21,21
026s,693p,Directed,3483,,1,1
023s,694p,Directed,3484,,1,1
009s,695p,Directed,3485,,1,1
051s,695p,Directed,3486,,5,5
108s,695p,Directed,3487,,2,2
078s,695p,Directed,3488,,4,4
036s,700p,Directed,3489,,2,2
100s,697p,Directed,3490,,1,1
005s,696p,Directed,3491,,1,1
108s,698p,Directed,3492,,2,2
107s,699p,Directed,3493,,1,1
043s,700p,Directed,3494,,2,2
040s,701p,Directed,3495,,1,1
105s,701p,Directed,3496,,2,2
110s,701p,Directed,3497,,3,3
070s,701p,Directed,3498,,1,1
075s,701p,Directed,3499,,2,2
097s,701p,Directed,3500,,1,1
113s,701p,Directed,3501,,3,3
108s,702p,Directed,3502,,33,33
114s,703p,Directed,3503,,39,39
107s,703p,Directed,3504,,12,12
108s,703p,Directed,3505,,50,50
109s,703p,Directed,3506,,43,43
113s,704p,Directed,3507,,1,1
109s,705p,Directed,3508,,32,32
100s,707p,Directed,3509,,7,7
050s,706p,Directed,3510,,2,2
063s,708p,Directed,3511,,1,1
100s,709p,Directed,3512,,21,21
036s,710p,Directed,3513,,5,5
085s,711p,Directed,3514,,1,1
005s,712p,Directed,3515,,1,1
113s,713p,Directed,3516,,1,1
107s,714p,Directed,3517,,1,1
006s,715p,Directed,3518,,1,1
093s,715p,Directed,3519,,1,1
105s,717p,Directed,3520,,20,20
108s,718p,Directed,3521,,1,1
050s,719p,Directed,3522,,1,1
105s,720p,Directed,3523,,11,11
050s,720p,Directed,3524,,1,1
097s,720p,Directed,3525,,1,1
113s,720p,Directed,3526,,1,1
105s,722p,Directed,3527,,3,3
005s,723p,Directed,3528,,1,1
020s,724p,Directed,3529,,1,1
107s,725p,Directed,3530,,1,1
107s,726p,Directed,3531,,8,8
107s,727p,Directed,3532,,8,8
004s,728p,Directed,3533,,1,1
108s,729p,Directed,3534,,26,26
109s,729p,Directed,3535,,62,62
110s,730p,Directed,3536,,1,1
108s,731p,Directed,3537,,1,1
108s,732p,Directed,3538,,1,1
005s,733p,Directed,3539,,3,3
108s,733p,Directed,3540,,2,2
100s,733p,Directed,3541,,2,2
020s,734p,Directed,3542,,1,1
117s,735p,Directed,3543,,1,1
102s,736p,Directed,3544,,2,2
106s,736p,Directed,3545,,2,2
107s,736p,Directed,3546,,1,1
031s,737p,Directed,3547,,1,1
108s,737p,Directed,3548,,1,1
100s,737p,Directed,3549,,4,4
078s,738p,Directed,3550,,1,1
106s,739p,Directed,3551,,2,2
113s,740p,Directed,3552,,1,1
105s,741p,Directed,3553,,1,1
106s,742p,Directed,3554,,1,1
115s,742p,Directed,3555,,17,17
027s,743p,Directed,3556,,1,1
105s,743p,Directed,3557,,13,13
106s,743p,Directed,3558,,8,8
107s,743p,Directed,3559,,1,1
085s,743p,Directed,3560,,2,2
105s,744p,Directed,3561,,1,1
108s,744p,Directed,3562,,1,1
114s,744p,Directed,3563,,2,2
115s,744p,Directed,3564,,1,1
117s,744p,Directed,3565,,2,2
093s,745p,Directed,3566,,1,1
005s,746p,Directed,3567,,3,3
073s,746p,Directed,3568,,6,6
100s,747p,Directed,3569,,5,5
062s,748p,Directed,3570,,1,1
004s,749p,Directed,3571,,1,1
031s,750p,Directed,3572,,1,1
002s,751p,Directed,3573,,1,1
031s,752p,Directed,3574,,1,1
100s,753p,Directed,3575,,2,2
110s,754p,Directed,3576,,1,1
105s,755p,Directed,3577,,7,7
075s,755p,Directed,3578,,1,1
108s,756p,Directed,3579,,1,1
005s,757p,Directed,3580,,1,1
004s,758p,Directed,3581,,1,1
031s,758p,Directed,3582,,1,1
100s,759p,Directed,3583,,33,33
005s,760p,Directed,3584,,1,1
031s,760p,Directed,3585,,1,1
108s,760p,Directed,3586,,2,2
105s,761p,Directed,3587,,2,2
023s,762p,Directed,3588,,1,1
100s,763p,Directed,3589,,4,4
069s,764p,Directed,3590,,3,3
115s,764p,Directed,3591,,1,1
113s,764p,Directed,3592,,1,1
105s,765p,Directed,3593,,1,1
113s,766p,Directed,3594,,1,1
005s,767p,Directed,3595,,2,2
100s,768p,Directed,3596,,2,2
005s,769p,Directed,3597,,2,2
031s,770p,Directed,3598,,1,1
100s,770p,Directed,3599,,5,5
032s,771p,Directed,3600,,1,1
073s,772p,Directed,3601,,1,1
100s,772p,Directed,3602,,5,5
108s,773p,Directed,3603,,3,3
106s,774p,Directed,3604,,1,1
107s,775p,Directed,3605,,37,37
114s,775p,Directed,3606,,39,39
117s,776p,Directed,3607,,1,1
107s,777p,Directed,3608,,37,37
105s,778p,Directed,3609,,1,1
069s,778p,Directed,3610,,3,3
085s,778p,Directed,3611,,2,2
115s,778p,Directed,3612,,1,1
113s,778p,Directed,3613,,4,4
101s,779p,Directed,3614,,41,41
109s,780p,Directed,3615,,26,26
111s,781p,Directed,3616,,2,2
095s,782p,Directed,3617,,2,2
005s,783p,Directed,3618,,1,1
026s,783p,Directed,3619,,1,1
031s,783p,Directed,3620,,1,1
105s,783p,Directed,3621,,2,2
108s,783p,Directed,3622,,2,2
073s,783p,Directed,3623,,1,1
030s,785p,Directed,3624,,1,1
101s,786p,Directed,3625,,11,11
073s,787p,Directed,3626,,4,4
106s,788p,Directed,3627,,93,93
005s,789p,Directed,3628,,1,1
031s,789p,Directed,3629,,1,1
106s,790p,Directed,3630,,3,3
110s,790p,Directed,3631,,2,2
115s,790p,Directed,3632,,1,1
115s,791p,Directed,3633,,9,9
110s,792p,Directed,3634,,19,19
108s,793p,Directed,3635,,26,26
073s,794p,Directed,3636,,10,10
049s,795p,Directed,3637,,4,4
118s,796p,Directed,3638,,1,1
030s,797p,Directed,3639,,1,1
079s,797p,Directed,3640,,1,1
005s,798p,Directed,3641,,1,1
108s,800p,Directed,3642,,2,2
105s,801p,Directed,3643,,1,1
017s,802p,Directed,3644,,1,1
075s,803p,Directed,3645,,1,1
061s,804p,Directed,3646,,1,1
108s,805p,Directed,3647,,1,1
100s,806p,Directed,3648,,4,4
110s,807p,Directed,3649,,43,43
031s,808p,Directed,3650,,1,1
105s,809p,Directed,3651,,1,1
117s,809p,Directed,3652,,1,1
100s,810p,Directed,3653,,2,2
107s,811p,Directed,3654,,1,1
105s,812p,Directed,3655,,1,1
005s,813p,Directed,3656,,1,1
101s,814p,Directed,3657,,21,21
110s,815p,Directed,3658,,12,12
108s,816p,Directed,3659,,4,4
005s,817p,Directed,3660,,1,1
079s,821p,Directed,3661,,1,1
113s,834p,Directed,3662,,1,1
113s,819p,Directed,3663,,1,1
108s,820p,Directed,3664,,1,1
005s,821p,Directed,3665,,1,1
100s,822p,Directed,3666,,4,4
108s,823p,Directed,3667,,1,1
064s,824p,Directed,3668,,13,13
069s,824p,Directed,3669,,1,1
100s,825p,Directed,3670,,4,4
031s,826p,Directed,3671,,1,1
105s,827p,Directed,3672,,1,1
108s,828p,Directed,3673,,1,1
110s,829p,Directed,3674,,17,17
106s,830p,Directed,3675,,2,2
107s,831p,Directed,3676,,1,1
108s,832p,Directed,3677,,9,9
005s,834p,Directed,3678,,1,1
100s,835p,Directed,3679,,12,12
107s,836p,Directed,3680,,1,1
108s,837p,Directed,3681,,2,2
031s,838p,Directed,3682,,1,1
108s,839p,Directed,3683,,1,1
100s,839p,Directed,3684,,19,19
110s,840p,Directed,3685,,1,1
073s,833p,Directed,3686,,5,5
100s,841p,Directed,3687,,4,4
046s,842p,Directed,3688,,1,1
004s,843p,Directed,3689,,1,1
012s,844p,Directed,3690,,3,3
012s,845p,Directed,3691,,3,3
093s,845p,Directed,3692,,1,1
036s,846p,Directed,3693,,1,1
064s,847p,Directed,3694,,36,36
012s,848p,Directed,3695,,1,1
102s,849p,Directed,3696,,2,2
106s,849p,Directed,3697,,1,1
110s,849p,Directed,3698,,31,31
070s,849p,Directed,3699,,1,1
093s,849p,Directed,3700,,2,2
007s,850p,Directed,3701,,1,1
093s,851p,Directed,3702,,1,1
036s,852p,Directed,3703,,3,3
046s,852p,Directed,3704,,1,1
106s,852p,Directed,3705,,3,3
085s,852p,Directed,3706,,4,4
115s,852p,Directed,3707,,1,1
095s,853p,Directed,3708,,1,1
095s,854p,Directed,3709,,1,1
081s,855p,Directed,3710,,1,1
085s,855p,Directed,3711,,1,1
124s,856p,Directed,3712,,1,1
007s,857p,Directed,3713,,2,2
106s,858p,Directed,3714,,27,27
109s,858p,Directed,3715,,121,121
110s,858p,Directed,3716,,14,14
115s,858p,Directed,3717,,8,8
093s,858p,Directed,3718,,1,1
095s,859p,Directed,3719,,3,3
091s,860p,Directed,3720,,2,2
006s,861p,Directed,3721,,81,81
021s,862p,Directed,3722,,1,1
031s,862p,Directed,3723,,3,3
108s,862p,Directed,3724,,1,1
095s,862p,Directed,3725,,1,1
095s,863p,Directed,3726,,1,1
004s,864p,Directed,3727,,1,1
022s,865p,Directed,3728,,1,1
110s,866p,Directed,3729,,15,15
093s,867p,Directed,3730,,1,1
108s,868p,Directed,3731,,1,1
108s,869p,Directed,3732,,1,1
021s,870p,Directed,3733,,1,1
031s,870p,Directed,3734,,1,1
079s,871p,Directed,3735,,1,1
105s,872p,Directed,3736,,12,12
031s,873p,Directed,3737,,2,2
100s,873p,Directed,3738,,2,2
031s,874p,Directed,3739,,2,2
108s,875p,Directed,3740,,1,1
017s,876p,Directed,3741,,1,1
025s,876p,Directed,3742,,1,1
111s,877p,Directed,3743,,4,4
031s,878p,Directed,3744,,1,1
080s,879p,Directed,3745,,1,1
073s,880p,Directed,3746,,5,5
005s,881p,Directed,3747,,1,1
030s,881p,Directed,3748,,1,1
051s,881p,Directed,3749,,1,1
031s,880p,Directed,3750,,1,1
005s,880p,Directed,3751,,1,1
100s,880p,Directed,3752,,5,5
005s,883p,Directed,3753,,1,1
005s,884p,Directed,3754,,3,3
030s,884p,Directed,3755,,1,1
108s,884p,Directed,3756,,7,7
071s,884p,Directed,3757,,2,2
031s,885p,Directed,3758,,1,1
031s,886p,Directed,3759,,1,1
100s,886p,Directed,3760,,4,4
107s,887p,Directed,3761,,44,44
108s,888p,Directed,3762,,1,1
106s,889p,Directed,3763,,1,1
108s,890p,Directed,3764,,2,2
100s,891p,Directed,3765,,8,8
108s,892p,Directed,3766,,1,1
100s,893p,Directed,3767,,35,35
020s,894p,Directed,3768,,2,2
083s,895p,Directed,3769,,1,1
106s,896p,Directed,3770,,2,2
075s,897p,Directed,3771,,7,7
019s,898p,Directed,3772,,1,1
105s,898p,Directed,3773,,2,2
113s,898p,Directed,3774,,1,1
093s,899p,Directed,3775,,1,1
031s,901p,Directed,3776,,1,1
106s,902p,Directed,3777,,1,1
100s,903p,Directed,3778,,2,2
106s,904p,Directed,3779,,3,3
018s,905p,Directed,3780,,1,1
073s,906p,Directed,3781,,1,1
100s,907p,Directed,3782,,2,2
101s,908p,Directed,3783,,11,11
005s,909p,Directed,3784,,1,1
108s,910p,Directed,3785,,1,1
020s,911p,Directed,3786,,2,2
071s,912p,Directed,3787,,1,1
007s,913p,Directed,3788,,1,1
109s,913p,Directed,3789,,58,58
106s,914p,Directed,3790,,1,1
107s,915p,Directed,3791,,2,2
106s,916p,Directed,3792,,1,1
107s,916p,Directed,3793,,2,2
107s,917p,Directed,3794,,2,2
105s,918p,Directed,3795,,3,3
106s,918p,Directed,3796,,1,1
103s,919p,Directed,3797,,2,2
107s,920p,Directed,3798,,2,2
025s,921p,Directed,3799,,1,1
105s,921p,Directed,3800,,1,1
113s,921p,Directed,3801,,2,2
110s,922p,Directed,3802,,2,2
108s,923p,Directed,3803,,2,2
106s,924p,Directed,3804,,1,1
031s,925p,Directed,3805,,1,1
031s,926p,Directed,3806,,1,1
100s,927p,Directed,3807,,27,27
026s,928p,Directed,3808,,1,1
106s,929p,Directed,3809,,1,1
110s,929p,Directed,3810,,13,13
115s,929p,Directed,3811,,7,7
107s,930p,Directed,3812,,1,1
106s,931p,Directed,3813,,2,2
021s,932p,Directed,3814,,1,1
030s,933p,Directed,3815,,2,2
026s,934p,Directed,3816,,1,1
100s,935p,Directed,3817,,2,2
106s,936p,Directed,3818,,1,1
103s,936p,Directed,3819,,2,2
100s,937p,Directed,3820,,5,5
108s,938p,Directed,3821,,3,3
020s,939p,Directed,3822,,4,4
108s,940p,Directed,3823,,4,4
115s,940p,Directed,3824,,1,1
104s,940p,Directed,3825,,1,1
106s,942p,Directed,3826,,2,2
102s,943p,Directed,3827,,2,2
108s,944p,Directed,3828,,1,1
108s,945p,Directed,3829,,1,1
071s,946p,Directed,3830,,1,1
105s,947p,Directed,3831,,21,21
113s,948p,Directed,3832,,8,8
100s,949p,Directed,3833,,6,6
108s,950p,Directed,3834,,2,2
010s,951p,Directed,3835,,1,1
106s,952p,Directed,3836,,1,1
004s,953p,Directed,3837,,1,1
113s,954p,Directed,3838,,1,1
105s,955p,Directed,3839,,3,3
005s,956p,Directed,3840,,1,1
108s,956p,Directed,3841,,2,2
100s,957p,Directed,3842,,4,4
031s,958p,Directed,3843,,1,1
005s,959p,Directed,3844,,1,1
031s,960p,Directed,3845,,1,1
110s,961p,Directed,3846,,31,31
073s,962p,Directed,3847,,1,1
100s,962p,Directed,3848,,4,4
061s,963p,Directed,3849,,1,1
106s,964p,Directed,3850,,1,1
105s,965p,Directed,3851,,3,3
105s,966p,Directed,3852,,20,20
031s,967p,Directed,3853,,1,1
110s,968p,Directed,3854,,11,11
108s,969p,Directed,3855,,2,2
117s,969p,Directed,3856,,1,1
100s,970p,Directed,3857,,2,2
083s,971p,Directed,3858,,1,1
100s,972p,Directed,3859,,2,2
100s,973p,Directed,3860,,8,8
073s,973p,Directed,3861,,1,1
031s,974p,Directed,3862,,1,1
114s,975p,Directed,3863,,1,1
005s,976p,Directed,3864,,1,1
005s,977p,Directed,3865,,1,1
113s,978p,Directed,3866,,1,1
061s,979p,Directed,3867,,1,1
031s,980p,Directed,3868,,2,2
110s,980p,Directed,3869,,1,1
107s,981p,Directed,3870,,1,1
075s,982p,Directed,3871,,3,3
108s,983p,Directed,3872,,1,1
108s,984p,Directed,3873,,1,1
100s,986p,Directed,3874,,2,2
005s,985p,Directed,3875,,1,1
105s,987p,Directed,3876,,1,1
005s,988p,Directed,3877,,1,1
100s,984p,Directed,3878,,2,2
103s,989p,Directed,3879,,2,2
031s,990p,Directed,3880,,1,1
108s,991p,Directed,3881,,1,1
075s,992p,Directed,3882,,3,3
110s,993p,Directed,3883,,3,3
075s,993p,Directed,3884,,1,1
100s,994p,Directed,3885,,2,2
108s,994p,Directed,3886,,3,3
105s,995p,Directed,3887,,6,6
105s,996p,Directed,3888,,33,33
005s,998p,Directed,3889,,2,2
005s,999p,Directed,3890,,1,1
109s,1000p,Directed,3891,,42,42
069s,1000p,Directed,3892,,1,1
115s,1000p,Directed,3893,,10,10
093s,1001p,Directed,3894,,10,10
005s,1002p,Directed,3895,,1,1
106s,1003p,Directed,3896,,1,1
105s,1004p,Directed,3897,,1,1
005s,1005p,Directed,3898,,1,1
105s,1006p,Directed,3899,,12,12
100s,1007p,Directed,3900,,4,4
028s,1008p,Directed,3901,,1,1
073s,1009p,Directed,3902,,5,5
105s,1010p,Directed,3903,,3,3
031s,1011p,Directed,3904,,2,2
026s,1012p,Directed,3905,,1,1
075s,1013p,Directed,3906,,10,10
107s,1014p,Directed,3907,,1,1
020s,1015p,Directed,3908,,1,1
093s,1015p,Directed,3909,,1,1
106s,1016p,Directed,3910,,1,1
110s,1017p,Directed,3911,,17,17
108s,1018p,Directed,3912,,1,1
041s,1019p,Directed,3913,,1,1
097s,1019p,Directed,3914,,20,20
005s,1020p,Directed,3915,,1,1
005s,1021p,Directed,3916,,1,1
108s,1022p,Directed,3917,,1,1
105s,1023p,Directed,3918,,1,1
026s,1024p,Directed,3919,,1,1
002s,1025p,Directed,3920,,1,1
105s,1026p,Directed,3921,,20,20
107s,1027p,Directed,3922,,1,1
109s,1028p,Directed,3923,,42,42
113s,1029p,Directed,3924,,1,1
100s,1030p,Directed,3925,,3,3
093s,1031p,Directed,3926,,1,1
106s,1033p,Directed,3927,,1,1
114s,1032p,Directed,3928,,39,39
110s,1034p,Directed,3929,,7,7
088s,1034p,Directed,3930,,2,2
073s,1035p,Directed,3931,,5,5
026s,1036p,Directed,3932,,1,1
108s,1036p,Directed,3933,,2,2
115s,1037p,Directed,3934,,7,7
108s,1038p,Directed,3935,,1,1
093s,1039p,Directed,3936,,4,4
106s,1040p,Directed,3937,,3,3
021s,1041p,Directed,3938,,1,1
030s,1042p,Directed,3939,,1,1
030s,1043p,Directed,3940,,1,1
026s,1044p,Directed,3941,,1,1
111s,1045p,Directed,3942,,2,2
020s,1046p,Directed,3943,,1,1
100s,1047p,Directed,3944,,8,8
105s,1048p,Directed,3945,,8,8
031s,1049p,Directed,3946,,1,1
107s,1050p,Directed,3947,,1,1
102s,1051p,Directed,3948,,3,3
004s,1052p,Directed,3949,,1,1
005s,1053p,Directed,3950,,1,1
031s,1054p,Directed,3951,,8,8
100s,1054p,Directed,3952,,3,3
020s,1055p,Directed,3953,,4,4
026s,1056p,Directed,3954,,1,1
108s,1057p,Directed,3955,,1,1
030s,1058p,Directed,3956,,1,1
026s,1059p,Directed,3957,,1,1
009s,1060p,Directed,3958,,1,1
030s,1060p,Directed,3959,,1,1
051s,1060p,Directed,3960,,3,3
066s,1060p,Directed,3961,,1,1
078s,1060p,Directed,3962,,3,3
075s,1061p,Directed,3964,,30,30
108s,1062p,Directed,3965,,1,1
108s,1063p,Directed,3966,,1,1
020s,1064p,Directed,3967,,4,4
005s,1065p,Directed,3968,,5,5
108s,1065p,Directed,3969,,2,2
100s,1065p,Directed,3970,,7,7
106s,1066p,Directed,3971,,1,1
106s,1067p,Directed,3972,,3,3
070s,1067p,Directed,3973,,1,1
115s,1067p,Directed,3974,,12,12
093s,1067p,Directed,3975,,12,12
020s,1068p,Directed,3976,,2,2
093s,1068p,Directed,3977,,1,1
099s,1069p,Directed,3978,,199,199
108s,1069p,Directed,3979,,88,88
109s,1069p,Directed,3980,,23,23
107s,1070p,Directed,3981,,1,1
115s,1069p,Directed,3982,,6,6
020s,1071p,Directed,3983,,1,1
031s,1072p,Directed,3984,,1,1
073s,1073p,Directed,3985,,5,5
005s,1074p,Directed,3986,,1,1
030s,1074p,Directed,3987,,1,1
051s,1074p,Directed,3988,,2,2
005s,1075p,Directed,3989,,1,1
004s,1076p,Directed,3990,,1,1
005s,1077p,Directed,3991,,1,1
005s,1078p,Directed,3992,,1,1
108s,1079p,Directed,3993,,1,1
100s,1080p,Directed,3994,,2,2
103s,1081p,Directed,3995,,2,2
115s,1082p,Directed,3996,,16,16
108s,1083p,Directed,3997,,1,1
107s,1084p,Directed,3998,,22,22
023s,1085p,Directed,3999,,1,1
028s,1086p,Directed,4000,,1,1
108s,1087p,Directed,4001,,1,1
108s,1088p,Directed,4002,,1,1
110s,1088p,Directed,4003,,1,1
005s,1091p,Directed,4004,,1,1
006s,1089p,Directed,4005,,3,3
004s,1090p,Directed,4006,,1,1
100s,1092p,Directed,4007,,2,2
104s,1093p,Directed,4008,,1,1
111s,1094p,Directed,4009,,2,2
108s,1095p,Directed,4010,,1,1
100s,1095p,Directed,4011,,2,2
031s,1096p,Directed,4012,,1,1
012s,1097p,Directed,4013,,2,2
005s,1098p,Directed,4014,,2,2
100s,1099p,Directed,4015,,4,4
093s,1100p,Directed,4016,,1,1
030s,1101p,Directed,4017,,1,1
108s,1101p,Directed,4018,,1,1
107s,1102p,Directed,4019,,8,8
100s,1102p,Directed,4020,,6,6
093s,1103p,Directed,4021,,1,1
026s,1104p,Directed,4022,,1,1
031s,1104p,Directed,4023,,1,1
108s,1104p,Directed,4024,,2,2
073s,1104p,Directed,4025,,3,3
113s,1105p,Directed,4026,,1,1
075s,1107p,Directed,4027,,1,1
031s,1108p,Directed,4028,,1,1
020s,1109p,Directed,4029,,3,3
031s,1110p,Directed,4030,,1,1
111s,1111p,Directed,4031,,3,3
005s,1112p,Directed,4032,,2,2
100s,1113p,Directed,4033,,5,5
103s,1114p,Directed,4034,,2,2
005s,1115p,Directed,4035,,1,1
100s,1116p,Directed,4036,,11,11
073s,1117p,Directed,4037,,5,5
005s,1118p,Directed,4038,,1,1
108s,1119p,Directed,4039,,66,66
105s,1120p,Directed,4040,,2,2
005s,1121p,Directed,4041,,1,1
027s,1122p,Directed,4042,,1,1
105s,1122p,Directed,4043,,13,13
106s,1122p,Directed,4044,,12,12
115s,1122p,Directed,4045,,10,10
109s,1123p,Directed,4046,,24,24
107s,1124p,Directed,4047,,1,1
020s,1125p,Directed,4048,,9,9
026s,1126p,Directed,4049,,1,1
106s,1127p,Directed,4050,,27,27
005s,1128p,Directed,4051,,1,1
031s,1129p,Directed,4052,,1,1
108s,1129p,Directed,4053,,1,1
005s,1130p,Directed,4054,,2,2
100s,1131p,Directed,4055,,8,8
005s,1132p,Directed,4056,,1,1
073s,1133p,Directed,4057,,9,9
100s,1133p,Directed,4058,,2,2
075s,1134p,Directed,4059,,74,74
073s,1135p,Directed,4060,,5,5
117s,1135p,Directed,4061,,1,1
093s,1136p,Directed,4062,,1,1
108s,1137p,Directed,4063,,2,2
093s,1138p,Directed,4064,,1,1
093s,1139p,Directed,4065,,10,10
105s,1140p,Directed,4066,,15,15
070s,1140p,Directed,4067,,1,1
115s,1140p,Directed,4068,,1,1
106s,1141p,Directed,4069,,5,5
106s,1142p,Directed,4070,,59,59
108s,1143p,Directed,4071,,28,28
108s,1144p,Directed,4072,,1,1
110s,1144p,Directed,4073,,1,1
111s,1145p,Directed,4074,,3,3
036s,1146p,Directed,4075,,13,13
093s,1147p,Directed,4076,,1,1
100s,1148p,Directed,4077,,17,17
031s,1149p,Directed,4078,,1,1
108s,1149p,Directed,4079,,1,1
110s,1150p,Directed,4080,,43,43
093s,1150p,Directed,4081,,1,1
107s,1151p,Directed,4082,,22,22
047s,1152p,Directed,4083,,9,9
049s,1152p,Directed,4084,,24,24
005s,1153p,Directed,4085,,1,1
075s,1155p,Directed,4086,,29,29
108s,1154p,Directed,4087,,20,20
110s,1156p,Directed,4088,,1,1
115s,1156p,Directed,4089,,1,1
113s,1156p,Directed,4090,,1,1
100s,1158p,Directed,4091,,7,7
097s,1158p,Directed,4092,,2,2
108s,1159p,Directed,4093,,21,21
068s,1160p,Directed,4094,,1,1
031s,1161p,Directed,4095,,2,2
108s,1161p,Directed,4096,,1,1
117s,1162p,Directed,4097,,1,1
005s,1163p,Directed,4098,,1,1
005s,1164p,Directed,4099,,1,1
036s,1165p,Directed,4100,,1,1
005s,1166p,Directed,4101,,1,1
020s,1167p,Directed,4102,,1,1
106s,1168p,Directed,4103,,88,88
108s,1168p,Directed,4104,,78,78
110s,1168p,Directed,4105,,24,24
115s,1168p,Directed,4106,,12,12
093s,1168p,Directed,4107,,3,3
101s,1169p,Directed,4108,,41,41
106s,1170p,Directed,4109,,13,13
020s,1171p,Directed,4110,,1,1
108s,1172p,Directed,4111,,60,60
115s,1172p,Directed,4112,,6,6
026s,1173p,Directed,4113,,1,1
098s,1174p,Directed,4114,,43,43
045s,1175p,Directed,4115,,1,1
011s,1176p,Directed,4116,,1,1
004s,1176p,Directed,4117,,1,1
020s,1177p,Directed,4118,,1,1
031s,1178p,Directed,4119,,1,1
100s,1178p,Directed,4120,,2,2
108s,1180p,Directed,4121,,1,1
051s,1181p,Directed,4122,,1,1
005s,1182p,Directed,4123,,1,1
005s,1183p,Directed,4124,,1,1
004s,1184p,Directed,4125,,1,1
005s,1185p,Directed,4126,,2,2
108s,1185p,Directed,4127,,1,1
004s,1186p,Directed,4128,,1,1
031s,1187p,Directed,4129,,1,1
108s,1187p,Directed,4130,,1,1
031s,1188p,Directed,4131,,1,1
108s,1189p,Directed,4132,,2,2
031s,1190p,Directed,4133,,1,1
031s,1191p,Directed,4134,,3,3
100s,1191p,Directed,4135,,4,4
107s,1192p,Directed,4136,,2,2
050s,1193p,Directed,4137,,2,2
095s,1194p,Directed,4138,,1,1
108s,1195p,Directed,4139,,1,1
110s,1196p,Directed,4140,,1,1
103s,1197p,Directed,4141,,2,2
108s,1198p,Directed,4142,,1,1
107s,1199p,Directed,4143,,2,2
104s,1200p,Directed,4144,,1,1
117s,1201p,Directed,4145,,1,1
093s,1202p,Directed,4146,,1,1
108s,1203p,Directed,4147,,2,2
075s,1204p,Directed,4148,,3,3
005s,1205p,Directed,4149,,1,1
031s,1206p,Directed,4150,,1,1
004s,1207p,Directed,4151,,1,1
108s,1208p,Directed,4152,,3,3
031s,1209p,Directed,4153,,1,1
107s,1210p,Directed,4154,,44,44
038s,1211p,Directed,4155,,1,1
085s,1213p,Directed,4156,,5,5
114s,1213p,Directed,4157,,1,1
095s,1213p,Directed,4158,,1,1
117s,1213p,Directed,4159,,1,1
039s,1214p,Directed,4160,,1,1
113s,1214p,Directed,4161,,1,1
106s,1215p,Directed,4162,,1,1
102s,1216p,Directed,4163,,1,1
105s,1217p,Directed,4164,,17,17
075s,1217p,Directed,4165,,74,74
116s,1218p,Directed,4166,,10,10
107s,1219p,Directed,4167,,1,1
109s,1220p,Directed,4168,,69,69
061s,1221p,Directed,4169,,1,1
093s,1222p,Directed,4170,,1,1
106s,1223p,Directed,4171,,1,1
070s,1223p,Directed,4172,,1,1
115s,1223p,Directed,4173,,1,1
105s,1224p,Directed,4174,,25,25
069s,1225p,Directed,4175,,1,1
100s,1226p,Directed,4176,,5,5
073s,1227p,Directed,4177,,5,5
100s,1228p,Directed,4178,,2,2
001s,1229p,Directed,4179,,1,1
026s,1230p,Directed,4180,,1,1
100s,1231p,Directed,4181,,2,2
031s,1232p,Directed,4182,,1,1
031s,1233p,Directed,4183,,1,1
039s,1234p,Directed,4184,,1,1
031s,1235p,Directed,4185,,3,3
102s,1235p,Directed,4186,,1,1
031s,1236p,Directed,4187,,1,1
025s,1237p,Directed,4188,,1,1
093s,1238p,Directed,4189,,1,1
064s,1239p,Directed,4190,,10,10
020s,1240p,Directed,4191,,3,3
026s,1241p,Directed,4192,,1,1
124s,1243p,Directed,4193,,1,1
105s,1244p,Directed,4194,,24,24
075s,1244p,Directed,4195,,24,24
079s,1245p,Directed,4196,,1,1
110s,1245p,Directed,4197,,1,1
107s,1246p,Directed,4198,,2,2
031s,1247p,Directed,4199,,4,4
106s,1247p,Directed,4200,,1,1
100s,1247p,Directed,4201,,9,9
105s,1248p,Directed,4202,,1,1
004s,1249p,Directed,4203,,1,1
100s,1250p,Directed,4204,,4,4
115s,1251p,Directed,4205,,6,6
009s,1252p,Directed,4206,,1,1
051s,1252p,Directed,4207,,1,1
066s,1252p,Directed,4208,,1,1
075s,1252p,Directed,4209,,1,1
078s,1252p,Directed,4210,,4,4
001s,1253p,Directed,4211,,1,1
112s,1254p,Directed,4212,,1,1
093s,1255p,Directed,4213,,1,1
004s,1257p,Directed,4214,,1,1
111s,1258p,Directed,4215,,3,3
108s,1259p,Directed,4216,,1,1
017s,1260p,Directed,4217,,1,1
113s,1260p,Directed,4218,,1,1
113s,1261p,Directed,4219,,1,1
073s,1262p,Directed,4220,,1,1
005s,1263p,Directed,4221,,2,2
005s,1264p,Directed,4222,,1,1
080s,1265p,Directed,4223,,2,2
106s,1266p,Directed,4224,,2,2
115s,1266p,Directed,4225,,1,1
112s,1266p,Directed,4226,,1,1
073s,1267p,Directed,4227,,5,5
004s,1268p,Directed,4228,,1,1
100s,1269p,Directed,4229,,4,4
047s,1270p,Directed,4230,,9,9
049s,1270p,Directed,4231,,24,24
100s,1271p,Directed,4232,,26,26
075s,1272p,Directed,4233,,43,43
108s,1273p,Directed,4234,,1,1
105s,1274p,Directed,4235,,6,6
108s,1275p,Directed,4236,,1,1
030s,1276p,Directed,4237,,1,1
031s,1276p,Directed,4238,,10,10
100s,1277p,Directed,4239,,9,9
100s,1278p,Directed,4240,,4,4
061s,1279p,Directed,4241,,1,1
108s,1279p,Directed,4242,,1,1
070s,1280p,Directed,4243,,1,1
115s,1280p,Directed,4244,,9,9
050s,1281p,Directed,4245,,1,1
117s,1281p,Directed,4246,,1,1
031s,1282p,Directed,4247,,1,1
093s,1283p,Directed,4248,,1,1
110s,1284p,Directed,4249,,2,2
005s,1285p,Directed,4250,,1,1
031s,1286p,Directed,4251,,3,3
108s,1286p,Directed,4252,,1,1
073s,1286p,Directed,4253,,30,30
100s,1286p,Directed,4254,,39,39
107s,1287p,Directed,4255,,28,28
020s,1288p,Directed,4256,,1,1
093s,1288p,Directed,4257,,2,2
107s,1289p,Directed,4258,,22,22
005s,1291p,Directed,4259,,1,1
073s,1292p,Directed,4260,,1,1
005s,1293p,Directed,4261,,1,1
020s,1294p,Directed,4262,,1,1
100s,1295p,Directed,4263,,5,5
107s,1296p,Directed,4264,,1,1
070s,1296p,Directed,4265,,1,1
105s,1297p,Directed,4266,,24,24
075s,1297p,Directed,4267,,24,24
004s,1298p,Directed,4268,,1,1
030s,1299p,Directed,4269,,1,1
030s,1300p,Directed,4270,,1,1
051s,1300p,Directed,4271,,1,1
108s,1300p,Directed,4272,,2,2
108s,1301p,Directed,4273,,1,1
108s,1302p,Directed,4274,,80,80
109s,1302p,Directed,4275,,27,27
069s,1302p,Directed,4276,,1,1
115s,1302p,Directed,4277,,2,2
020s,1303p,Directed,4278,,1,1
095s,1304p,Directed,4279,,1,1
017s,1305p,Directed,4280,,1,1
025s,1305p,Directed,4281,,1,1
100s,1306p,Directed,4282,,4,4
100s,1307p,Directed,4283,,4,4
100s,1308p,Directed,4284,,12,12
005s,1309p,Directed,4285,,1,1
095s,1310p,Directed,4286,,1,1
068s,1311p,Directed,4287,,3,3
116s,1312p,Directed,4288,,7,7
012s,1313p,Directed,4289,,2,2
093s,1314p,Directed,4290,,1,1
115s,1315p,Directed,4291,,16,16
068s,1316p,Directed,4292,,1,1
094s,1316p,Directed,4293,,1,1
045s,1317p,Directed,4294,,1,1
031s,1318p,Directed,4295,,1,1
025s,1319p,Directed,4296,,1,1
023s,1320p,Directed,4297,,1,1
031s,1321p,Directed,4298,,1,1
005s,1322p,Directed,4299,,132,132
021s,1323p,Directed,4300,,1,1
030s,1324p,Directed,4301,,1,1
031s,1325p,Directed,4302,,1,1
031s,1326p,Directed,4303,,1,1
108s,1327p,Directed,4304,,1,1
031s,1328p,Directed,4305,,1,1
108s,1328p,Directed,4306,,1,1
108s,1329p,Directed,4307,,1,1
031s,1330p,Directed,4308,,1,1
108s,1331p,Directed,4309,,100,100
103s,1331p,Directed,4310,,2,2
031s,1339p,Directed,4311,,1,1
073s,1339p,Directed,4312,,58,58
100s,1339p,Directed,4313,,421,421
103s,1332p,Directed,4314,,1,1
031s,1334p,Directed,4315,,45,45
106s,1338p,Directed,4316,,1,1
031s,1340p,Directed,4317,,1,1
005s,1341p,Directed,4318,,98,98
100s,1342p,Directed,4319,,2,2
031s,1343p,Directed,4320,,1,1
110s,1344p,Directed,4321,,15,15
110s,1345p,Directed,4322,,15,15
045s,1346p,Directed,4323,,2,2
006s,1347p,Directed,4324,,38,38
100s,1348p,Directed,4325,,2,2
031s,1349p,Directed,4326,,1,1
082s,1350p,Directed,4327,,1,1
095s,1351p,Directed,4328,,1,1
031s,1352p,Directed,4329,,1,1
020s,1353p,Directed,4330,,1,1
068s,1354p,Directed,4331,,1,1
103s,1355p,Directed,4332,,1,1
116s,1356p,Directed,4333,,15,15
084s,1357p,Directed,4334,,1,1
107s,1358p,Directed,4335,,22,22
059s,1359p,Directed,4336,,1,1
068s,1360p,Directed,4337,,2,2
100s,1361p,Directed,4338,,2,2
110s,1362p,Directed,4339,,20,20
068s,1363p,Directed,4340,,1,1
116s,1365p,Directed,4341,,1,1
036s,1366p,Directed,4342,,13,13
054s,1367p,Directed,4343,,1,1
043s,1368p,Directed,4344,,1,1
020s,1369p,Directed,4345,,4,4
012s,1370p,Directed,4346,,2,2
043s,1371p,Directed,4347,,1,1
105s,1372p,Directed,4348,,2,2
031s,1373p,Directed,4349,,1,1
031s,1374p,Directed,4350,,1,1
100s,1375p,Directed,4351,,2,2
031s,1377p,Directed,4352,,1,1
100s,1378p,Directed,4353,,2,2
100s,1379p,Directed,4354,,2,2
100s,1380p,Directed,4355,,2,2
071s,1381p,Directed,4356,,1,1
068s,1382p,Directed,4357,,2,2
020s,1383p,Directed,4358,,2,2
108s,1385p,Directed,4359,,2,2
105s,1386p,Directed,4360,,3,3
046s,1386p,Directed,4361,,1,1
069s,1386p,Directed,4362,,3,3
075s,1386p,Directed,4363,,1,1
085s,1386p,Directed,4364,,4,4
095s,1386p,Directed,4365,,3,3
113s,1386p,Directed,4366,,1,1
004s,1387p,Directed,4367,,1,1
108s,1388p,Directed,4368,,2,2
108s,1389p,Directed,4369,,1,1
117s,1389p,Directed,4370,,1,1
105s,1391p,Directed,4371,,16,16
107s,1391p,Directed,4372,,1,1
109s,1391p,Directed,4373,,20,20
069s,1391p,Directed,4374,,1,1
117s,1391p,Directed,4375,,1,1
005s,1392p,Directed,4376,,1,1
106s,1393p,Directed,4377,,3,3
107s,1393p,Directed,4378,,5,5
040s,1395p,Directed,4379,,1,1
105s,1395p,Directed,4380,,2,2
110s,1395p,Directed,4381,,3,3
075s,1395p,Directed,4382,,2,2
097s,1395p,Directed,4383,,1,1
113s,1395p,Directed,4384,,3,3
100s,1399p,Directed,4385,,2,2
097s,1400p,Directed,4386,,2,2
108s,1401p,Directed,4387,,1,1
075s,1402p,Directed,4388,,1,1
108s,1403p,Directed,4390,,1,1
108s,1404p,Directed,4391,,1,1
031s,1405p,Directed,4392,,2,2
098s,1406p,Directed,4393,,2,2
073s,1407p,Directed,4394,,1,1
100s,1407p,Directed,4395,,4,4
100s,1408p,Directed,4396,,4,4
105s,1409p,Directed,4397,,8,8
108s,1409p,Directed,4398,,5,5
005s,1410p,Directed,4399,,1,1
113s,1411p,Directed,4400,,1,1
107s,1412p,Directed,4401,,6,6
027s,1413p,Directed,4402,,1,1
105s,1413p,Directed,4403,,6,6
108s,1414p,Directed,4404,,1,1
026s,1415p,Directed,4405,,1,1
030s,1415p,Directed,4406,,1,1
107s,1416p,Directed,4407,,1,1
106s,1417p,Directed,4408,,1,
030s,1418p,Directed,4409,,1,1
106s,1419p,Directed,4410,,13,13
107s,1420p,Directed,4411,,1,1
106s,1421p,Directed,4412,,51,51
105s,1422p,Directed,4414,,91,91
106s,1422p,Directed,4415,,16,16
114s,1422p,Directed,4416,,39,39
105s,1423p,Directed,4417,,1,1
117s,1424p,Directed,4418,,2,2
005s,1425p,Directed,4419,,1,1
113s,1426p,Directed,4420,,1,1
108s,1427p,Directed,4421,,1,1
106s,1428p,Directed,4422,,4,4
026s,1429p,Directed,4423,,1,1
031s,1429p,Directed,4424,,1,1
106s,1430p,Directed,4425,,1,1
005s,1431p,Directed,4426,,1,1
108s,1432p,Directed,4427,,1,1
100s,1433p,Directed,4428,,2,2
108s,1434p,Directed,4429,,5,5
106s,1435p,Directed,4430,,1,1
031s,1436p,Directed,4431,,1,1
108s,1437p,Directed,4432,,2,2
030s,1438p,Directed,4433,,1,1
007s,1439p,Directed,4434,,1,1
020s,1439p,Directed,4435,,3,3
102s,1439p,Directed,4436,,2,2
106s,1439p,Directed,4437,,1,1
110s,1439p,Directed,4438,,3,3
045s,1440p,Directed,4439,,2,2
020s,1441p,Directed,4440,,2,2
105s,1442p,Directed,4441,,2,2
075s,1442p,Directed,4442,,1,1
005s,1443p,Directed,4443,,1,1
031s,1444p,Directed,4444,,1,1
108s,1444p,Directed,4445,,1,1
100s,1444p,Directed,4446,,4,4
093s,1445p,Directed,4447,,1,1
031s,1446p,Directed,4448,,1,1
005s,1447p,Directed,4449,,2,2
031s,1447p,Directed,4450,,1,1
100s,1447p,Directed,4451,,2,2
031s,1448p,Directed,4452,,1,1
102s,1449p,Directed,4453,,1,1
073s,1450p,Directed,4454,,5,5
108s,1451p,Directed,4455,,2,2
105s,1452p,Directed,4456,,12,12
093s,1453p,Directed,4457,,1,1
004s,1454p,Directed,4458,,1,1
009s,332p,Directed,4459,,66,66
135s,332p,Directed,4460,,269,269
006s,1455p,Directed,4461,,23,23
106s,1455p,Directed,4462,,4,4
109s,1455p,Directed,4463,,1,1
068s,1455p,Directed,4464,,1,1
095s,1455p,Directed,4465,,1,1
104s,1455p,Directed,4466,,1,1
004s,1456p,Directed,4467,,1,1
030s,1457p,Directed,4468,,2,2
100s,1458p,Directed,4469,,4,4
113s,1459p,Directed,4470,,1,1
100s,1460p,Directed,4471,,31,31
111s,1462p,Directed,4472,,3,3
106s,1463p,Directed,4473,,1,1
074s,1463p,Directed,4474,,2,2
005s,1464p,Directed,4475,,1,1
075s,1465p,Directed,4476,,29,29
115s,1465p,Directed,4477,,1,1
114s,1466p,Directed,4478,,39,39
030s,1467p,Directed,4479,,1,1
105s,1468p,Directed,4480,,2,2
108s,1469p,Directed,4481,,2,2
071s,1469p,Directed,4482,,1,1
075s,1469p,Directed,4483,,1,1
050s,1470p,Directed,4484,,2,2
106s,1471p,Directed,4485,,1,1
108s,1472p,Directed,4486,,1,1
108s,1473p,Directed,4487,,1,1
075s,1474p,Directed,4488,,10,10
005s,1475p,Directed,4489,,1,1
031s,1475p,Directed,4490,,1,1
073s,1476p,Directed,4491,,5,5
108s,1477p,Directed,4492,,3,3
030s,1478p,Directed,4493,,1,1
108s,1479p,Directed,4494,,1,1
107s,1480p,Directed,4495,,42,42
005s,1469p,Directed,4496,,1,1
100s,1481p,Directed,4497,,2,2
117s,1481p,Directed,4498,,2,2
108s,1482p,Directed,4499,,2,2
100s,1482p,Directed,4500,,2,2
107s,1483p,Directed,4501,,6,6
108s,1484p,Directed,4502,,2,2
103s,1485p,Directed,4503,,14,14
105s,1486p,Directed,4504,,2,2
114s,1486p,Directed,4505,,2,2
069s,1487p,Directed,4506,,1,1
006s,1488p,Directed,4507,,2,2
106s,1489p,Directed,4508,,1,1
093s,1489p,Directed,4509,,1,1
115s,1490p,Directed,4510,,1,1
093s,1491p,Directed,4511,,1,1
069s,1492p,Directed,4512,,3,3
115s,1492p,Directed,4513,,21,21
017s,1493p,Directed,4514,,1,1
097s,1493p,Directed,4515,,1,1
009s,1494p,Directed,4516,,73,73
031s,1494p,Directed,4517,,1,1
051s,1494p,Directed,4518,,19,19
066s,1494p,Directed,4519,,1,1
072s,1494p,Directed,4520,,1,1
078s,1494p,Directed,4521,,8,8
071s,1495p,Directed,4522,,1,1
105s,1496p,Directed,4523,,1,1
075s,1496p,Directed,4524,,1,1
114s,1496p,Directed,4525,,2,2
106s,1497p,Directed,4526,,4,4
031s,1498p,Directed,4527,,1,1
108s,1499p,Directed,4528,,1,1
108s,1500p,Directed,4529,,23,23
106s,1501p,Directed,4530,,60,60
070s,1501p,Directed,4531,,1,1
115s,1501p,Directed,4532,,10,10
025s,1502p,Directed,4533,,1,1
010s,1503p,Directed,4534,,1,1
046s,1504p,Directed,4535,,1,1
108s,1505p,Directed,4536,,1,1
073s,1505p,Directed,4537,,2,2
078s,1506p,Directed,4538,,2,2
031s,1507p,Directed,4539,,2,2
025s,1508p,Directed,4540,,1,1
113s,1508p,Directed,4541,,1,1
079s,1509p,Directed,4542,,1,1
031s,1510p,Directed,4543,,1,1
108s,1510p,Directed,4544,,1,1
071s,1510p,Directed,4545,,1,1
113s,1510p,Directed,4546,,1,1
031s,1512p,Directed,4547,,1,1
021s,1513p,Directed,4548,,1,1
030s,1514p,Directed,4549,,1,1
031s,1514p,Directed,4550,,1,1
105s,1515p,Directed,4551,,1,1
031s,1516p,Directed,4552,,1,1
093s,1517p,Directed,4553,,1,1
113s,1518p,Directed,4554,,1,1
026s,1519p,Directed,4555,,1,1
031s,1519p,Directed,4556,,1,1
108s,1519p,Directed,4557,,1,1
071s,1519p,Directed,4558,,1,1
100s,1519p,Directed,4559,,2,2
021s,1520p,Directed,4560,,1,1
108s,1520p,Directed,4561,,1,1
031s,1521p,Directed,4562,,1,1
021s,1522p,Directed,4563,,1,1
108s,1523p,Directed,4564,,1,1
031s,1524p,Directed,4565,,1,1
093s,1525p,Directed,4566,,1,1
090s,1526p,Directed,4567,,1,1
026s,1527p,Directed,4568,,1,1
005s,1527p,Directed,4569,,1,1
108s,1527p,Directed,4570,,1,1
105s,1529p,Directed,4571,,24,24
075s,1529p,Directed,4572,,45,45
108s,1530p,Directed,4573,,1,1
108s,1532p,Directed,4574,,44,44
070s,1532p,Directed,4575,,1,1
115s,1532p,Directed,4576,,1,1
106s,1533p,Directed,4577,,41,41
108s,1533p,Directed,4578,,41,41
004s,1535p,Directed,4579,,1,1
108s,1536p,Directed,4580,,1,1
031s,1537p,Directed,4581,,1,1
108s,1538p,Directed,4582,,1,1
108s,1539p,Directed,4583,,2,2
108s,1540p,Directed,4584,,1,1
107s,1541p,Directed,4585,,2,2
071s,1542p,Directed,4586,,1,1
075s,1543p,Directed,4587,,1,1
113s,1543p,Directed,4588,,1,1
110s,1544p,Directed,4589,,2,2
108s,1545p,Directed,4590,,1,1
105s,1546p,Directed,4591,,1,1
031s,1547p,Directed,4592,,1,1
113s,1548p,Directed,4593,,1,1
045s,1549p,Directed,4594,,1,1
054s,1550p,Directed,4595,,1,1
100s,1551p,Directed,4596,,8,8
026s,1552p,Directed,4597,,1,1
031s,1553p,Directed,4598,,1,1
101s,1554p,Directed,4599,,41,41
108s,1555p,Directed,4600,,33,33
061s,1556p,Directed,4601,,1,1
106s,1557p,Directed,4602,,86,86
109s,1557p,Directed,4603,,62,62
115s,1557p,Directed,4604,,21,21
100s,1558p,Directed,4605,,7,7
004s,1559p,Directed,4606,,1,1
105s,1560p,Directed,4607,,24,24
108s,1560p,Directed,4608,,23,23
109s,1560p,Directed,4609,,42,42
075s,1560p,Directed,4610,,24,24
007s,1561p,Directed,4611,,1,1
107s,1562p,Directed,4612,,1,1
108s,1563p,Directed,4613,,1,1
100s,1564p,Directed,4614,,4,4
100s,1565p,Directed,4615,,9,9
100s,1566p,Directed,4616,,2,2
005s,1567p,Directed,4617,,1,1
106s,1568p,Directed,4618,,29,29
100s,1569p,Directed,4619,,26,26
107s,1570p,Directed,4620,,1,1
100s,1570p,Directed,4621,,14,14
107s,1572p,Directed,4622,,8,8
073s,1573p,Directed,4623,,5,5
100s,1573p,Directed,4624,,11,11
106s,1574p,Directed,4625,,2,2
075s,1575p,Directed,4626,,1,1
100s,1576p,Directed,4627,,4,4
005s,1577p,Directed,4628,,1,1
051s,1577p,Directed,4629,,1,1
031s,1578p,Directed,4630,,2,2
100s,1578p,Directed,4631,,2,2
004s,1579p,Directed,4632,,1,1
108s,1580p,Directed,4633,,1,1
099s,1581p,Directed,4634,,9,9
105s,1582p,Directed,4635,,2,2
106s,1582p,Directed,4636,,120,120
068s,1583p,Directed,4637,,2,2
025s,1584p,Directed,4638,,1,1
040s,1584p,Directed,4639,,1,1
106s,1584p,Directed,4640,,2,2
097s,1584p,Directed,4641,,1,1
113s,1584p,Directed,4642,,1,1
068s,1585p,Directed,4643,,1,1
108s,1586p,Directed,4644,,1,1
100s,1587p,Directed,4645,,2,2
071s,1588p,Directed,4646,,1,1
005s,1589p,Directed,4647,,2,2
043s,1590p,Directed,4648,,1,1
030s,1591p,Directed,4649,,1,1
030s,1592p,Directed,4650,,1,1
050s,1592p,Directed,4651,,2,2
108s,1594p,Directed,4652,,2,2
113s,1596p,Directed,4653,,1,1
108s,1597p,Directed,4654,,2,2
106s,1598p,Directed,4655,,74,74
108s,1598p,Directed,4656,,28,28
108s,1599p,Directed,4657,,1,1
026s,1600p,Directed,4658,,1,1
113s,1601p,Directed,4659,,35,35
007s,1603p,Directed,4660,,1,1
036s,1603p,Directed,4661,,8,8
106s,1603p,Directed,4662,,1,1
115s,1603p,Directed,4663,,1,1
005s,1604p,Directed,4664,,1,1
105s,1605p,Directed,4665,,6,6
030s,1606p,Directed,4666,,1,1
100s,1607p,Directed,4667,,2,2
005s,1608p,Directed,4668,,2,2
108s,1608p,Directed,4669,,1,1
105s,1609p,Directed,4670,,3,3
106s,1610p,Directed,4671,,1,1
085s,1610p,Directed,4672,,1,1
022s,1611p,Directed,4673,,1,1
004s,1612p,Directed,4674,,1,1
004s,1613p,Directed,4675,,2,2
106s,1614p,Directed,4676,,1,1
115s,1615p,Directed,4677,,9,9
107s,1616p,Directed,4678,,1,1
099s,1617p,Directed,4679,,2,2
020s,1618p,Directed,4680,,2,2
105s,1619p,Directed,4681,,3,3
050s,1619p,Directed,4682,,1,1
106s,1619p,Directed,4683,,1,1
069s,1619p,Directed,4684,,3,3
075s,1619p,Directed,4685,,1,1
087s,1619p,Directed,4686,,1,1
097s,1619p,Directed,4687,,43,43
103s,1619p,Directed,4688,,9,9
113s,1619p,Directed,4689,,3,3
115s,1620p,Directed,4690,,15,15
020s,1621p,Directed,4691,,3,3
106s,1621p,Directed,4692,,1,1
115s,1621p,Directed,4693,,7,7
108s,1622p,Directed,4694,,1,1
031s,1623p,Directed,4695,,1,1
030s,1625p,Directed,4696,,1,1
031s,1626p,Directed,4697,,1,1
005s,1627p,Directed,4698,,4,4
103s,1628p,Directed,4699,,14,14
108s,1629p,Directed,4700,,1,1
105s,1630p,Directed,4701,,7,7
026s,1631p,Directed,4702,,1,1
113s,1632p,Directed,4703,,1,1
105s,1633p,Directed,4704,,20,20
108s,1634p,Directed,4705,,1,1
012s,1635p,Directed,4706,,3,3
085s,1636p,Directed,4707,,2,2
085s,1637p,Directed,4708,,2,2
117s,1638p,Directed,4709,,2,2
108s,1639p,Directed,4710,,1,1
091s,1640p,Directed,4711,,2,2
108s,1641p,Directed,4712,,1,1
107s,1642p,Directed,4713,,1,1
073s,1643p,Directed,4714,,10,10
100s,1643p,Directed,4715,,6,6
005s,1644p,Directed,4716,,3,3
113s,1645p,Directed,4717,,1,1
064s,1647p,Directed,4718,,13,13
020s,1648p,Directed,4719,,3,3
102s,1648p,Directed,4720,,2,2
108s,1649p,Directed,4721,,3,3
100s,1650p,Directed,4722,,5,5
030s,1651p,Directed,4723,,1,1
070s,1652p,Directed,4724,,1,1
105s,1653p,Directed,4725,,1,1
017s,1654p,Directed,4726,,1,1
030s,1655p,Directed,4727,,1,1
050s,1655p,Directed,4728,,2,2
061s,1656p,Directed,4729,,1,1
012s,1657p,Directed,4730,,3,3
106s,1658p,Directed,4731,,1,1
093s,1659p,Directed,4732,,2,2
020s,1660p,Directed,4733,,3,3
020s,1661p,Directed,4734,,1,1
110s,1662p,Directed,4736,,31,31
110s,1663p,Directed,4737,,31,31
106s,1664p,Directed,4738,,2,2
052s,1665p,Directed,4739,,1,1
005s,1666p,Directed,4740,,1,1
031s,1667p,Directed,4741,,1,1
100s,1667p,Directed,4742,,2,2
031s,1668p,Directed,4743,,1,1
100s,1668p,Directed,4744,,4,4
031s,1669p,Directed,4745,,1,1
100s,1669p,Directed,4746,,2,2
005s,1670p,Directed,4747,,1,1
068s,1671p,Directed,4748,,1,1
108s,1672p,Directed,4749,,50,50
005s,1673p,Directed,4750,,3,3
068s,1674p,Directed,4751,,1,1
031s,1675p,Directed,4752,,1,1
004s,1676p,Directed,4753,,1,1
083s,1677p,Directed,4754,,1,1
020s,1678p,Directed,4755,,2,2
110s,1679p,Directed,4756,,1,1
026s,1680p,Directed,4757,,1,1
031s,1680p,Directed,4758,,1,1
108s,1680p,Directed,4759,,1,1
068s,1681p,Directed,4760,,1,1
111s,1683p,Directed,4761,,3,3
078s,1682p,Directed,4762,,1,1
100s,1684p,Directed,4763,,4,4
113s,1685p,Directed,4764,,1,1
079s,1686p,Directed,4765,,1,1
100s,1687p,Directed,4766,,8,8
106s,1688p,Directed,4767,,20,20
108s,1688p,Directed,4768,,30,30
109s,1688p,Directed,4769,,26,26
115s,1688p,Directed,4770,,2,2
102s,1689p,Directed,4771,,20,20
106s,1689p,Directed,4772,,143,143
109s,1689p,Directed,4773,,62,62
036s,1690p,Directed,4774,,1,1
059s,1692p,Directed,4775,,1,1
100s,1693p,Directed,4776,,1,1
004s,1694p,Directed,4777,,1,1
020s,1695p,Directed,4778,,2,2
020s,1696p,Directed,4779,,3,3
020s,1697p,Directed,4780,,1,1
067s,1698p,Directed,4781,,6,6
100s,1699p,Directed,4782,,4,4
100s,1700p,Directed,4783,,2,2
099s,1701p,Directed,4784,,5,5
030s,1702p,Directed,4785,,1,1
105s,1703p,Directed,4786,,4,4
067s,1703p,Directed,4787,,1,1
108s,1703p,Directed,4788,,60,60
107s,1704p,Directed,4789,,5,5
031s,1705p,Directed,4790,,2,2
108s,1705p,Directed,4791,,1,1
004s,1706p,Directed,4792,,1,1
005s,1706p,Directed,4793,,1,1
108s,1706p,Directed,4794,,1,1
036s,1707p,Directed,4795,,3,3
106s,1707p,Directed,4796,,3,3
107s,1707p,Directed,4797,,1,1
080s,1707p,Directed,4798,,1,1
017s,1708p,Directed,4799,,1,1
097s,1708p,Directed,4800,,1,1
026s,1709p,Directed,4801,,1,1
106s,1710p,Directed,4802,,1,1
005s,1711p,Directed,4803,,1,1
108s,1711p,Directed,4804,,1,1
100s,1711p,Directed,4805,,2,2
108s,1713p,Directed,4806,,3,3
007s,1714p,Directed,4807,,3,3
106s,1714p,Directed,4808,,1,1
080s,1714p,Directed,4809,,1,1
115s,1714p,Directed,4810,,1,1
106s,1715p,Directed,4811,,1,1
031s,1716p,Directed,4812,,9,9
108s,1716p,Directed,4813,,2,2
100s,1716p,Directed,4814,,22,22
108s,1717p,Directed,4815,,1,1
101s,1718p,Directed,4816,,1,1
113s,1719p,Directed,4817,,1,1
006s,1720p,Directed,4818,,21,21
055s,1720p,Directed,4819,,5,5
093s,1721p,Directed,4820,,1,1
006s,1722p,Directed,4821,,1,1
005s,1723p,Directed,4822,,1,1
026s,1723p,Directed,4823,,1,1
031s,1723p,Directed,4824,,1,1
108s,1723p,Directed,4825,,2,2
100s,1723p,Directed,4826,,2,2
110s,1724p,Directed,4827,,29,29
102s,1725p,Directed,4828,,2,2
043s,1726p,Directed,4829,,1,1
111s,1727p,Directed,4830,,2,2
025s,1728p,Directed,4831,,1,1
028s,1728p,Directed,4832,,1,1
108s,1728p,Directed,4833,,3,3
061s,1729p,Directed,4834,,1,1
093s,1730p,Directed,4835,,1,1
105s,1731p,Directed,4836,,4,4
105s,1732p,Directed,4837,,3,3
031s,1733p,Directed,4838,,1,1
100s,1734p,Directed,4839,,2,2
108s,1735p,Directed,4840,,1,1
031s,1736p,Directed,4841,,1,1
030s,1737p,Directed,4842,,1,1
108s,1738p,Directed,4843,,1,1
098s,1739p,Directed,4844,,14,14
093s,1740p,Directed,4845,,1,1
106s,1741p,Directed,4846,,3,3
107s,1741p,Directed,4847,,2,2
083s,1742p,Directed,4848,,1,1
073s,1743p,Directed,4849,,1,1
100s,1743p,Directed,4850,,13,13
111s,1744p,Directed,4851,,3,3
106s,1745p,Directed,4852,,2,2
109s,1745p,Directed,4853,,1,1
031s,1746p,Directed,4854,,1,1
100s,1747p,Directed,4855,,2,2
011s,1748p,Directed,4856,,1,1
005s,1749p,Directed,4857,,2,2
026s,1750p,Directed,4858,,1,1
031s,1751p,Directed,4859,,1,1
100s,1751p,Directed,4860,,3,3
108s,1752p,Directed,4861,,1,1
108s,1753p,Directed,4862,,1,1
108s,1754p,Directed,4863,,1,1
108s,1755p,Directed,4864,,1,1
075s,1757p,Directed,4865,,14,14
005s,1758p,Directed,4866,,2,2
048s,1894p,Directed,4867,,39,39
108s,1759p,Directed,4868,,13,13
106s,1760p,Directed,4869,,7,7
115s,1761p,Directed,4870,,14,14
005s,1762p,Directed,4871,,4,4
009s,1762p,Directed,4872,,1,1
051s,1762p,Directed,4873,,1,1
071s,1762p,Directed,4874,,1,1
078s,1762p,Directed,4875,,2,2
073s,1763p,Directed,4876,,9,9
100s,1764p,Directed,4877,,2,2
100s,1765p,Directed,4878,,3,3
032s,1767p,Directed,4879,,1,1
062s,1767p,Directed,4880,,2,2
110s,1767p,Directed,4881,,48,48
069s,1767p,Directed,4882,,1,1
070s,1767p,Directed,4883,,1,1
078s,1768p,Directed,4884,,1,1
085s,1769p,Directed,4885,,1,1
106s,1770p,Directed,4886,,2,2
075s,1771p,Directed,4887,,13,13
106s,1772p,Directed,4888,,2,2
100s,1773p,Directed,4889,,5,5
108s,1774p,Directed,4890,,1,1
075s,1775p,Directed,4891,,3,3
068s,1776p,Directed,4892,,1,1
039s,1777p,Directed,4893,,1,1
075s,1778p,Directed,4894,,51,51
009s,1779p,Directed,4895,,66,66
135s,1779p,Directed,4896,,269,269
105s,1779p,Directed,4897,,17,17
075s,1779p,Directed,4898,,177,177
020s,1780p,Directed,4899,,1,1
107s,1781p,Directed,4900,,12,12
109s,1781p,Directed,4901,,43,43
100s,1782p,Directed,4902,,6,6
091s,1783p,Directed,4903,,2,2
106s,1784p,Directed,4904,,1,1
108s,1784p,Directed,4905,,4,4
115s,1784p,Directed,4906,,15,15
106s,1785p,Directed,4907,,7,7
059s,1786p,Directed,4908,,3,3
109s,1787p,Directed,4909,,32,32
046s,1788p,Directed,4910,,1,1
106s,1788p,Directed,4911,,5,5
069s,1788p,Directed,4912,,3,3
115s,1788p,Directed,4913,,1,1
095s,1789p,Directed,4914,,3,3
106s,1790p,Directed,4915,,4,4
115s,1790p,Directed,4916,,1,1
007s,1791p,Directed,4917,,1,1
030s,1801p,Directed,4918,,1,1
106s,1792p,Directed,4919,,5,5
105s,1793p,Directed,4920,,1,1
110s,1792p,Directed,4922,,8,8
093s,1794p,Directed,4923,,1,1
113s,1795p,Directed,4924,,2,2
030s,1796p,Directed,4925,,1,1
004s,1797p,Directed,4926,,1,1
031s,1798p,Directed,4927,,4,4
108s,1798p,Directed,4928,,2,2
100s,1798p,Directed,4929,,2,2
115s,1799p,Directed,4930,,16,16
107s,1800p,Directed,4931,,1,1
031s,1801p,Directed,4932,,1,1
004s,1801p,Directed,4933,,1,1
093s,1802p,Directed,4934,,1,1
115s,1803p,Directed,4935,,6,6
113s,1804p,Directed,4936,,27,27
103s,1805p,Directed,4937,,2,2
105s,1806p,Directed,4938,,6,6
020s,1807p,Directed,4939,,1,1
115s,1808p,Directed,4940,,10,10
005s,1809p,Directed,4941,,2,2
108s,1810p,Directed,4942,,1,1
020s,1811p,Directed,4943,,3,3
105s,1811p,Directed,4944,,9,9
106s,1811p,Directed,4945,,12,12
110s,1811p,Directed,4946,,3,3
069s,1811p,Directed,4947,,1,1
050s,1812p,Directed,4948,,1,1
114s,1812p,Directed,4949,,2,2
005s,1813p,Directed,4950,,3,3
108s,1813p,Directed,4951,,1,1
100s,1813p,Directed,4952,,5,5
106s,1814p,Directed,4953,,3,3
135s,1815p,Directed,4954,,269,269
004s,1816p,Directed,4955,,1,1
023s,1816p,Directed,4956,,1,1
106s,1817p,Directed,4957,,20,20
107s,1818p,Directed,4958,,27,27
020s,1819p,Directed,4960,,3,3
030s,1820p,Directed,4961,,1,1
100s,1821p,Directed,4962,,2,2
085s,1822p,Directed,4963,,2,2
068s,1823p,Directed,4964,,2,2
061s,1824p,Directed,4965,,1,1
108s,1825p,Directed,4966,,1,1
020s,1826p,Directed,4967,,1,1
093s,1826p,Directed,4968,,1,1
115s,1827p,Directed,4969,,16,16
101s,1828p,Directed,4970,,41,41
005s,1829p,Directed,4971,,2,2
111s,1830p,Directed,4972,,3,3
100s,1831p,Directed,4973,,8,8
108s,1832p,Directed,4974,,1,1
005s,1833p,Directed,4975,,1,1
100s,1834p,Directed,4976,,3,3
068s,1836p,Directed,4977,,2,2
107s,1837p,Directed,4978,,22,22
005s,1838p,Directed,4979,,1,1
115s,1839p,Directed,4980,,11,11
020s,1840p,Directed,4981,,2,2
108s,1841p,Directed,4982,,23,23
106s,1842p,Directed,4983,,2,2
049s,1843p,Directed,4984,,1,1
048s,1844p,Directed,4985,,39,39
099s,1845p,Directed,4986,,9,9
105s,1845p,Directed,4987,,8,8
005s,1846p,Directed,4988,,1,1
031s,1846p,Directed,4989,,1,1
108s,1846p,Directed,4990,,2,2
100s,1846p,Directed,4991,,2,2
035s,1847p,Directed,4992,,1,1
058s,1847p,Directed,4993,,4,4
059s,1847p,Directed,4994,,2,2
080s,1847p,Directed,4995,,3,3
035s,1848p,Directed,4996,,1,1
093s,1849p,Directed,4997,,1,1
097s,1850p,Directed,4998,,2,2
005s,1851p,Directed,4999,,1,1
100s,1852p,Directed,5000,,8,8
117s,1853p,Directed,5001,,1,1
005s,1854p,Directed,5002,,2,2
071s,1854p,Directed,5003,,2,2
004s,1855p,Directed,5004,,1,1
106s,1856p,Directed,5005,,74,74
108s,1856p,Directed,5006,,44,44
073s,1857p,Directed,5007,,5,5
100s,1857p,Directed,5008,,16,16
109s,1858p,Directed,5009,,1,1
093s,1859p,Directed,5010,,1,1
104s,1860p,Directed,5011,,1,1
031s,1861p,Directed,5012,,1,1
105s,1862p,Directed,5013,,8,8
106s,1862p,Directed,5014,,29,29
108s,1862p,Directed,5015,,28,28
115s,1862p,Directed,5016,,21,21
004s,1863p,Directed,5017,,1,1
106s,1864p,Directed,5018,,3,3
067s,1864p,Directed,5019,,6,6
115s,1864p,Directed,5020,,1,1
083s,1865p,Directed,5021,,1,1
005s,1866p,Directed,5022,,1,1
100s,1867p,Directed,5023,,2,2
108s,1869p,Directed,5024,,1,1
031s,1867p,Directed,5025,,1,1
031s,1868p,Directed,5027,,1,1
106s,1869p,Directed,5028,,1,1
106s,1870p,Directed,5029,,1,1
108s,1870p,Directed,5030,,1,1
100s,1871p,Directed,5031,,2,2
098s,1872p,Directed,5032,,4,4
022s,1873p,Directed,5033,,1,1
070s,1873p,Directed,5034,,2,2
115s,1873p,Directed,5035,,1,1
104s,1873p,Directed,5036,,1,1
100s,1874p,Directed,5037,,2,2
093s,1875p,Directed,5038,,10,10
105s,1876p,Directed,5039,,6,6
073s,1877p,Directed,5040,,6,6
100s,1877p,Directed,5041,,2,2
100s,1878p,Directed,5042,,2,2
106s,1879p,Directed,5043,,1,1
106s,1880p,Directed,5044,,57,57
031s,1881p,Directed,5045,,1,1
106s,1882p,Directed,5046,,5,5
100s,1883p,Directed,5047,,1,1
108s,1885p,Directed,5048,,3,3
026s,1886p,Directed,5049,,1,1
017s,1887p,Directed,5050,,1,1
026s,1887p,Directed,5051,,1,1
031s,1888p,Directed,5052,,1,1
108s,1888p,Directed,5053,,1,1
100s,1888p,Directed,5054,,2,2
004s,1889p,Directed,5055,,1,1
113s,1890p,Directed,5056,,2,2
107s,1891p,Directed,5057,,1,1
005s,1892p,Directed,5059,,1,1
100s,1892p,Directed,5060,,2,2
108s,1893p,Directed,5061,,1,1
